Country Name,Country Code,Indicator Name,Indicator Code,1960,1961,1962,1963,1964,1965,1966,1967,1968,1969,1970,1971,1972,1973,1974,1975,1976,1977,1978,1979,1980,1981,1982,1983,1984,1985,1986,1987,1988,1989,1990,1991,1992,1993,1994,1995,1996,1997,1998,1999,2000,2001,2002,2003,2004,2005,2006,2007,2008,2009,2010,2011,2012,2013,2014,2015,2016
Aruba,ABW,Access to clean fuels and technologies for cooking (% of population),EG.CFT.ACCS.ZS,,,,,,,,,,,,,,,,,,,,,,,,,,,,,,,,,,,,,,,,,,,,,,,,,,,,,,,,,
Afghanistan,AFG,Access to clean fuels and technologies for cooking (% of population),EG.CFT.ACCS.ZS,,,,,,,,,,,,,,,,,,,,,,,,,,,,,,,,,,,,,,,,,8.8,9.51,10.39,11.46,12.43,13.49,14.81,15.99,17.44,18.84,20.68,22.33,24.08,26.17,27.99,30.1,32.44
Angola,AGO,Access to clean fuels and technologies for cooking (% of population),EG.CFT.ACCS.ZS,,,,,,,,,,,,,,,,,,,,,,,,,,,,,,,,,,,,,,,,,37.27,37.96,38.49,39.24,39.94,40.75,41.39,41.91,42.58,43.32,44.1,44.8,45.36,46.15,46.67,47.36,48.05
Albania,ALB,Access to clean fuels and technologies for cooking (% of population),EG.CFT.ACCS.ZS,,,,,,,,,,,,,,,,,,,,,,,,,,,,,,,,,,,,,,,,,39.8,42.7,45.23,47.62,50.53,53.25,55.57,58.14,60.75,63.24,65.23,67.81,69.96,71.78,73.98,75.37,77.42
Andorra,AND,Access to clean fuels and technologies for cooking (% of population),EG.CFT.ACCS.ZS,,,,,,,,,,,,,,,,,,,,,,,,,,,,,,,,,,,,,,,,,100,100,100,100,100,100,100,100,100,100,100,100,100,100,100,100,100
Arab World,ARB,Access to clean fuels and technologies for cooking (% of population),EG.CFT.ACCS.ZS,,,,,,,,,,,,,,,,,,,,,,,,,,,,,,,,,,,,,,,,,73.7024952410123,74.9448598519863,76.258066118796,77.1204636192376,78.0944398272737,79.0619995188413,79.8516810577971,80.5705358855522,81.2108864012014,81.8096301961217,82.368100500358,82.7832893479895,83.1203026921402,83.5334567334071,83.8975960063981,84.1715990242825,84.5101713274267
United Arab Emirates,ARE,Access to clean fuels and technologies for cooking (% of population),EG.CFT.ACCS.ZS,,,,,,,,,,,,,,,,,,,,,,,,,,,,,,,,,,,,,,,,,96.57,97,97.21,97.53,97.74,97.96,98.09,98.14,98.34,98.44,98.4,98.47,98.5,98.55,98.58,98.63,98.51
Argentina,ARG,Access to clean fuels and technologies for cooking (% of population),EG.CFT.ACCS.ZS,,,,,,,,,,,,,,,,,,,,,,,,,,,,,,,,,,,,,,,,,94.8,95.21,95.62,96.02,96.28,96.68,96.84,97.02,97.34,97.49,97.63,97.82,97.94,98.1,98.16,98.29,98.4
Armenia,ARM,Access to clean fuels and technologies for cooking (% of population),EG.CFT.ACCS.ZS,,,,,,,,,,,,,,,,,,,,,,,,,,,,,,,,,,,,,,,,,81.97,83.79,85.48,86.88,88.6,89.72,90.91,91.67,92.55,93.33,94.04,94.77,95.1,95.69,96.12,96.62,96.9
American Samoa,ASM,Access to clean fuels and technologies for cooking (% of population),EG.CFT.ACCS.ZS,,,,,,,,,,,,,,,,,,,,,,,,,,,,,,,,,,,,,,,,,,,,,,,,,,,,,,,,,
Antigua and Barbuda,ATG,Access to clean fuels and technologies for cooking (% of population),EG.CFT.ACCS.ZS,,,,,,,,,,,,,,,,,,,,,,,,,,,,,,,,,,,,,,,,,96.66,96.97,97.2,97.4,97.57,97.7,97.9,98.03,98.1,98.24,98.34,98.43,98.48,98.55,98.61,98.67,98.75
Australia,AUS,Access to clean fuels and technologies for cooking (% of population),EG.CFT.ACCS.ZS,,,,,,,,,,,,,,,,,,,,,,,,,,,,,,,,,,,,,,,,,100,100,100,100,100,100,100,100,100,100,100,100,100,100,100,100,100
Austria,AUT,Access to clean fuels and technologies for cooking (% of population),EG.CFT.ACCS.ZS,,,,,,,,,,,,,,,,,,,,,,,,,,,,,,,,,,,,,,,,,100,100,100,100,100,100,100,100,100,100,100,100,100,100,100,100,100
Azerbaijan,AZE,Access to clean fuels and technologies for cooking (% of population),EG.CFT.ACCS.ZS,,,,,,,,,,,,,,,,,,,,,,,,,,,,,,,,,,,,,,,,,73.19,76.11,78.64,80.9,83.01,84.79,86.11,87.67,89.21,90.38,91.38,92.25,92.96,93.71,94.44,95.1,95.54
Burundi,BDI,Access to clean fuels and technologies for cooking (% of population),EG.CFT.ACCS.ZS,,,,,,,,,,,,,,,,,,,,,,,,,,,,,,,,,,,,,,,,,0.619999999999998,0.619999999999998,0.629999999999997,0.639999999999996,0.649999999999995,0.670000000000004,0.670000000000004,0.690000000000002,0.700000000000001,0.690000000000002,0.719999999999998,0.760000000000005,0.770000000000004,0.770000000000004,0.81,0.829999999999997,0.849999999999995
Belgium,BEL,Access to clean fuels and technologies for cooking (% of population),EG.CFT.ACCS.ZS,,,,,,,,,,,,,,,,,,,,,,,,,,,,,,,,,,,,,,,,,100,100,100,100,100,100,100,100,100,100,100,100,100,100,100,100,100
Benin,BEN,Access to clean fuels and technologies for cooking (% of population),EG.CFT.ACCS.ZS,,,,,,,,,,,,,,,,,,,,,,,,,,,,,,,,,,,,,,,,,1.83,2.06,2.28,2.58,2.89,3.24,3.49,3.91,4.19,4.46,4.78,4.99000000000001,5.34,5.58,5.85,6.06,6.44
Burkina Faso,BFA,Access to clean fuels and technologies for cooking (% of population),EG.CFT.ACCS.ZS,,,,,,,,,,,,,,,,,,,,,,,,,,,,,,,,,,,,,,,,,2.83,3.06,3.35,3.57,3.85,4.21,4.48,4.8,5.16,5.51,6.01,6.43,6.82,7.33,7.88,8.46,8.93000000000001
Bangladesh,BGD,Access to clean fuels and technologies for cooking (% of population),EG.CFT.ACCS.ZS,,,,,,,,,,,,,,,,,,,,,,,,,,,,,,,,,,,,,,,,,7.24,7.78,8.16,8.73,9.2,9.74,10.36,10.92,11.59,12.2,12.9,13.63,14.33,15.06,15.96,16.68,17.72
Bulgaria,BGR,Access to clean fuels and technologies for cooking (% of population),EG.CFT.ACCS.ZS,,,,,,,,,,,,,,,,,,,,,,,,,,,,,,,,,,,,,,,,,64.96,68.7,72.09,75.09,77.62,79.75,81.48,83,84.2,85.22,86.04,86.7,87.27,87.71,88.11,88.42,88.65
Bahrain,BHR,Access to clean fuels and technologies for cooking (% of population),EG.CFT.ACCS.ZS,,,,,,,,,,,,,,,,,,,,,,,,,,,,,,,,,,,,,,,,,100,100,100,100,100,100,100,100,100,100,100,100,100,100,100,100,100
"Bahamas, The",BHS,Access to clean fuels and technologies for cooking (% of population),EG.CFT.ACCS.ZS,,,,,,,,,,,,,,,,,,,,,,,,,,,,,,,,,,,,,,,,,100,100,100,100,100,100,100,100,100,100,100,100,100,100,100,100,100
Bosnia and Herzegovina,BIH,Access to clean fuels and technologies for cooking (% of population),EG.CFT.ACCS.ZS,,,,,,,,,,,,,,,,,,,,,,,,,,,,,,,,,,,,,,,,,38.07,39.56,41.48,42.57,44.63,45.7,47.63,49.34,50.79,52.48,54.24,55.89,57.44,58.82,60.38,62.22,63.38
Belarus,BLR,Access to clean fuels and technologies for cooking (% of population),EG.CFT.ACCS.ZS,,,,,,,,,,,,,,,,,,,,,,,,,,,,,,,,,,,,,,,,,93.69,94.36,94.84,95.32,95.7,96.13,96.43,96.75,96.93,97.19,97.43,97.57,97.69,97.85,97.91,98.01,98.18
Belize,BLZ,Access to clean fuels and technologies for cooking (% of population),EG.CFT.ACCS.ZS,,,,,,,,,,,,,,,,,,,,,,,,,,,,,,,,,,,,,,,,,78.18,78.87,79.42,80.01,80.57,80.98,81.47,82.07,82.48,82.82,83.31,83.78,84.17,84.54,84.84,85.18,85.43
Bermuda,BMU,Access to clean fuels and technologies for cooking (% of population),EG.CFT.ACCS.ZS,,,,,,,,,,,,,,,,,,,,,,,,,,,,,,,,,,,,,,,,,,,,,,,,,,,,,,,,,
Bolivia,BOL,Access to clean fuels and technologies for cooking (% of population),EG.CFT.ACCS.ZS,,,,,,,,,,,,,,,,,,,,,,,,,,,,,,,,,,,,,,,,,65.29,66.5,67.76,69.01,70.11,71.49,72.6,73.66,74.69,75.8,76.55,77.59,78.52,79.5,80.45,62.55,64
Brazil,BRA,Access to clean fuels and technologies for cooking (% of population),EG.CFT.ACCS.ZS,,,,,,,,,,,,,,,,,,,,,,,,,,,,,,,,,,,,,,,,,86.91,87.89,88.8,89.55,90.3,91.04,91.67,92.17,92.73,93.27,93.66,94.07,94.48,94.77,95.1,95.38,95.59
Barbados,BRB,Access to clean fuels and technologies for cooking (% of population),EG.CFT.ACCS.ZS,,,,,,,,,,,,,,,,,,,,,,,,,,,,,,,,,,,,,,,,,97.4,97.66,97.91,98.16,98.35,98.49,98.65,98.8,98.92,99.01,99.08,99.17,99.24,99.3,99.36,99.41,99.44
Brunei Darussalam,BRN,Access to clean fuels and technologies for cooking (% of population),EG.CFT.ACCS.ZS,,,,,,,,,,,,,,,,,,,,,,,,,,,,,,,,,,,,,,,,,100,100,100,100,100,100,100,100,100,100,100,100,100,100,100,100,100
Bhutan,BTN,Access to clean fuels and technologies for cooking (% of population),EG.CFT.ACCS.ZS,,,,,,,,,,,,,,,,,,,,,,,,,,,,,,,,,,,,,,,,,31.67,33.34,35.16,36.36,38.11,39.58,40.85,41.81,43.54,44.98,46.33,47.2,48.11,49.76,50.65,51.75,52.5
Botswana,BWA,Access to clean fuels and technologies for cooking (% of population),EG.CFT.ACCS.ZS,,,,,,,,,,,,,,,,,,,,,,,,,,,,,,,,,,,,,,,,,45.12,46.53,47.72,49.24,50.64,52.01,53,54.39,55.38,56.73,57.59,58.72,59.92,61.05,62.12,63.15,64.08
Central African Republic,CAF,Access to clean fuels and technologies for cooking (% of population),EG.CFT.ACCS.ZS,,,,,,,,,,,,,,,,,,,,,,,,,,,,,,,,,,,,,,,,,0.570000000000004,0.600000000000001,0.600000000000001,0.609999999999999,0.639999999999996,0.629999999999997,0.690000000000002,0.680000000000003,0.729999999999997,0.739999999999996,0.780000000000003,0.819999999999999,0.839999999999996,0.839999999999996,0.870000000000004,0.919999999999999,0.970000000000004
Canada,CAN,Access to clean fuels and technologies for cooking (% of population),EG.CFT.ACCS.ZS,,,,,,,,,,,,,,,,,,,,,,,,,,,,,,,,,,,,,,,,,100,100,100,100,100,100,100,100,100,100,100,100,100,100,100,100,100
Central Europe and the Baltics,CEB,Access to clean fuels and technologies for cooking (% of population),EG.CFT.ACCS.ZS,,,,,,,,,,,,,,,,,,,,,,,,,,,,,,,,,,,,,,,,,87.4773973209458,88.5132265200419,89.4406268856217,90.259447100956,91.0035998817136,91.6047242377592,92.2135068090159,92.7583153910692,93.2630575080258,93.671145849005,94.0490809006889,94.3678080794948,94.6649573070051,94.8847791848689,95.1382272082721,95.335098809596,95.485364421507
Switzerland,CHE,Access to clean fuels and technologies for cooking (% of population),EG.CFT.ACCS.ZS,,,,,,,,,,,,,,,,,,,,,,,,,,,,,,,,,,,,,,,,,100,100,100,100,100,100,100,100,100,100,100,100,100,100,100,100,100
Channel Islands,CHI,Access to clean fuels and technologies for cooking (% of population),EG.CFT.ACCS.ZS,,,,,,,,,,,,,,,,,,,,,,,,,,,,,,,,,,,,,,,,,,,,,,,,,,,,,,,,,
Chile,CHL,Access to clean fuels and technologies for cooking (% of population),EG.CFT.ACCS.ZS,,,,,,,,,,,,,,,,,,,,,,,,,,,,,,,,,,,,,,,,,86.1,86.65,87.33,87.88,88.52,88.95,89.38,89.87,90.21,90.53,90.8,91.15,91.39,91.67,91.91,92,92.28
China,CHN,Access to clean fuels and technologies for cooking (% of population),EG.CFT.ACCS.ZS,,,,,,,,,,,,,,,,,,,,,,,,,,,,,,,,,,,,,,,,,46.78,47.95,48.61,49.52,50.04,50.83,51.8,52.5,53.37,54.07,54.91,55.66,56.4,57.24,57.8,58.54,59.26
Cote d'Ivoire,CIV,Access to clean fuels and technologies for cooking (% of population),EG.CFT.ACCS.ZS,,,,,,,,,,,,,,,,,,,,,,,,,,,,,,,,,,,,,,,,,18.4105634689331,18.539434671402,18.6207115650177,18.6635613441467,18.67715716362,18.6706602573395,18.6532378196716,18.632560968399,18.6102688312531,18.5865104198456,18.5614407062531,18.535190820694,18.5079216957092,18.4797763824463,18.4508979320526,17.96,18.23
Cameroon,CMR,Access to clean fuels and technologies for cooking (% of population),EG.CFT.ACCS.ZS,,,,,,,,,,,,,,,,,,,,,,,,,,,,,,,,,,,,,,,,,9.88,10.57,11.27,11.91,12.64,13.5,14.13,15.06,15.87,16.76,17.6,18.45,19.44,20.22,21.06,21.98,23.04
"Congo, Dem. Rep.",COD,Access to clean fuels and technologies for cooking (% of population),EG.CFT.ACCS.ZS,,,,,,,,,,,,,,,,,,,,,,,,,,,,,,,,,,,,,,,,,3.57,3.62,3.63,3.61,3.61,3.62,3.61,3.65,3.68000000000001,3.73,3.77999999999999,3.84,3.83,3.9,3.93,3.94,4.02
"Congo, Rep.",COG,Access to clean fuels and technologies for cooking (% of population),EG.CFT.ACCS.ZS,,,,,,,,,,,,,,,,,,,,,,,,,,,,,,,,,,,,,,,,,10,10.5,11.08,11.76,12.52,13.25,14.07,14.86,15.71,16.63,17.53,18.52,19.64,20.63,21.59,22.74,24.13
Colombia,COL,Access to clean fuels and technologies for cooking (% of population),EG.CFT.ACCS.ZS,,,,,,,,,,,,,,,,,,,,,,,,,,,,,,,,,,,,,,,,,79.58,80.86,81.88,82.99,83.86,84.83,85.69,86.3,87.24,87.89,88.49,89.05,89.62,90.12,90.87,91.29,91.79
Comoros,COM,Access to clean fuels and technologies for cooking (% of population),EG.CFT.ACCS.ZS,,,,,,,,,,,,,,,,,,,,,,,,,,,,,,,,,,,,,,,,,0.629999999999997,0.749999999999995,0.900000000000001,1.06000000000001,1.29,1.53,1.82,2.11,2.58,3.12,3.68000000000001,4.31,5.10000000000001,6.06,7.05,8.15,9.34
Cabo Verde,CPV,Access to clean fuels and technologies for cooking (% of population),EG.CFT.ACCS.ZS,,,,,,,,,,,,,,,,,,,,,,,,,,,,,,,,,,,,,,,,,56.79,58.2,59.38,60.37,61.44,62.64,63.4,64.56,65.39,66.33,67.17,67.96,68.49,69.48,70.06,70.63,71.05
Costa Rica,CRI,Access to clean fuels and technologies for cooking (% of population),EG.CFT.ACCS.ZS,,,,,,,,,,,,,,,,,,,,,,,,,,,,,,,,,,,,,,,,,87.8,88.34,88.76,89.31,89.65,90.07,90.55,90.8,91.2,91.51,91.89,92.13,92.53,92.69,92.91,93.2,93.45
Caribbean small states,CSS,Access to clean fuels and technologies for cooking (% of population),EG.CFT.ACCS.ZS,,,,,,,,,,,,,,,,,,,,,,,,,,,,,,,,,,,,,,,,,78.3359455115042,79.5103344713967,80.6716889294644,81.6458592001078,82.7491209718808,83.6577297015432,84.5790920185153,85.5221405603336,86.3345245049482,87.1582484969934,87.9000099839299,88.6391763555611,89.23568197702,89.8589850381816,90.4770156668319,91.001054276723,91.4965352520832
Cuba,CUB,Access to clean fuels and technologies for cooking (% of population),EG.CFT.ACCS.ZS,,,,,,,,,,,,,,,,,,,,,,,,,,,,,,,,,,,,,,,,,68.34,69.42,70.37,71.31,72.2,73,73.78,74.61,75.35,75.86,76.59,77.01,77.76,78.2,78.64,79.04,79.44
Curacao,CUW,Access to clean fuels and technologies for cooking (% of population),EG.CFT.ACCS.ZS,,,,,,,,,,,,,,,,,,,,,,,,,,,,,,,,,,,,,,,,,,,,,,,,,,,,,,,,,
Cayman Islands,CYM,Access to clean fuels and technologies for cooking (% of population),EG.CFT.ACCS.ZS,,,,,,,,,,,,,,,,,,,,,,,,,,,,,,,,,,,,,,,,,,,,,,,,,,,,,,,,,
Cyprus,CYP,Access to clean fuels and technologies for cooking (% of population),EG.CFT.ACCS.ZS,,,,,,,,,,,,,,,,,,,,,,,,,,,,,,,,,,,,,,,,,100,100,100,100,100,100,100,100,100,100,100,100,100,100,100,100,100
Czech Republic,CZE,Access to clean fuels and technologies for cooking (% of population),EG.CFT.ACCS.ZS,,,,,,,,,,,,,,,,,,,,,,,,,,,,,,,,,,,,,,,,,93.2,93.82,94.4,94.83,95.26,95.65,95.91,96.19,96.46,96.68,96.78,96.77,96.99,97.07,97.14,97.17,97.13
Germany,DEU,Access to clean fuels and technologies for cooking (% of population),EG.CFT.ACCS.ZS,,,,,,,,,,,,,,,,,,,,,,,,,,,,,,,,,,,,,,,,,100,100,100,100,100,100,100,100,100,100,100,100,100,100,100,100,100
Djibouti,DJI,Access to clean fuels and technologies for cooking (% of population),EG.CFT.ACCS.ZS,,,,,,,,,,,,,,,,,,,,,,,,,,,,,,,,,,,,,,,,,5.3,5.51,5.74,6.02,6.23,6.49,6.85,7.17,7.59,7.90999999999999,8.38,8.84,9.25,9.79,10.29,10.89,11.52
Dominica,DMA,Access to clean fuels and technologies for cooking (% of population),EG.CFT.ACCS.ZS,,,,,,,,,,,,,,,,,,,,,,,,,,,,,,,,,,,,,,,,,78.36,79.5,80.85,81.69,82.73,83.74,84.47,85.29,85.97,86.86,87.45,88.01,88.66,89.19,89.67,90.06,90.6
Denmark,DNK,Access to clean fuels and technologies for cooking (% of population),EG.CFT.ACCS.ZS,,,,,,,,,,,,,,,,,,,,,,,,,,,,,,,,,,,,,,,,,100,100,100,100,100,100,100,100,100,100,100,100,100,100,100,100,100
Dominican Republic,DOM,Access to clean fuels and technologies for cooking (% of population),EG.CFT.ACCS.ZS,,,,,,,,,,,,,,,,,,,,,,,,,,,,,,,,,,,,,,,,,80.23,81.07,81.79,82.68,83.43,84.1,84.73,85.58,86.2,86.73,87.31,87.9,88.4,88.99,89.5,89.93,90.41
Algeria,DZA,Access to clean fuels and technologies for cooking (% of population),EG.CFT.ACCS.ZS,,,,,,,,,,,,,,,,,,,,,,,,,,,,,,,,,,,,,,,,,86.47,87.68,88.87,89.4,90.3,90.97,91.09,91.56,92.06,92.42,92.41,92.49,92.47,92.83,93.1,92.7,92.62
East Asia & Pacific (excluding high income),EAP,Access to clean fuels and technologies for cooking (% of population),EG.CFT.ACCS.ZS,,,,,,,,,,,,,,,,,,,,,,,,,,,,,,,,,,,,,,,,,39.1823483586073,40.3390407008422,41.2185321143232,42.2858859535262,43.1866180505756,44.3452175484795,45.690721723185,46.8735716828086,48.2374929737878,49.4999305762108,50.8344050193799,52.0215669127037,53.2210968056752,54.4265750067064,55.3871181119798,56.4004066086866,57.3199506931319
Early-demographic dividend,EAR,Access to clean fuels and technologies for cooking (% of population),EG.CFT.ACCS.ZS,,,,,,,,,,,,,,,,,,,,,,,,,,,,,,,,,,,,,,,,,31.9796473905592,33.333111746596,34.475000647417,35.4728247845404,36.8036992686113,37.8991027847703,39.2256834049278,40.4713101234425,41.7039522964513,42.7575788834115,44.1676918445364,45.2468018852252,46.3956104854976,47.4935700530149,48.4691810716578,49.34323851784,50.2774780164502
East Asia & Pacific,EAS,Access to clean fuels and technologies for cooking (% of population),EG.CFT.ACCS.ZS,,,,,,,,,,,,,,,,,,,,,,,,,,,,,,,,,,,,,,,,,45.1598863867434,46.1834230609394,46.9557971772488,47.8949132843853,48.6838599657156,49.7021513412303,50.8994420269041,51.9495099625318,53.1768317309219,54.3023790974945,55.4961728401462,56.5483593168563,57.6179484013478,58.6906468476531,59.542846725316,60.4424138419356,61.259160578803
Europe & Central Asia (excluding high income),ECA,Access to clean fuels and technologies for cooking (% of population),EG.CFT.ACCS.ZS,,,,,,,,,,,,,,,,,,,,,,,,,,,,,,,,,,,,,,,,,83.8388476786429,84.914361069177,85.9418345374286,86.836346076263,87.6868673822558,88.5019830930489,89.2870457255683,89.9563075882871,90.6323386317191,91.198565722733,91.7857658710369,92.2955882148237,92.7631284311835,93.1947023526686,93.6309495552229,94.0012648810044,94.3188487821663
Europe & Central Asia,ECS,Access to clean fuels and technologies for cooking (% of population),EG.CFT.ACCS.ZS,,,,,,,,,,,,,,,,,,,,,,,,,,,,,,,,,,,,,,,,,92.3166205555104,92.8660485055457,93.3811429132162,93.8338931297994,94.2587782196386,94.6512049364056,95.0315462679417,95.3582606320898,95.6796419737528,95.942026337702,96.2086073104373,96.4303736012123,96.6424228448879,96.8319236822638,97.0279314591941,97.1916345840659,97.3289357671095
Ecuador,ECU,Access to clean fuels and technologies for cooking (% of population),EG.CFT.ACCS.ZS,,,,,,,,,,,,,,,,,,,,,,,,,,,,,,,,,,,,,,,,,87.18,87.89,88.85,89.75,90.29,90.83,91.62,92.1,92.57,93.09,93.57,93.99,94.39,94.73,95.02,95.24,95.58
"Egypt, Arab Rep.",EGY,Access to clean fuels and technologies for cooking (% of population),EG.CFT.ACCS.ZS,,,,,,,,,,,,,,,,,,,,,,,,,,,,,,,,,,,,,,,,,83.28,85.24,87.71,88.85,90.28,91.98,93.14,94,94.6,95.34,95.99,96.27,96.48,96.85,97.11,97.31,97.62
Euro area,EMU,Access to clean fuels and technologies for cooking (% of population),EG.CFT.ACCS.ZS,,,,,,,,,,,,,,,,,,,,,,,,,,,,,,,,,,,,,,,,,99.2366245060223,99.2974879556949,99.3511785336028,99.4031743491107,99.4486191799895,99.4845398763643,99.5204140602115,99.5501910720693,99.5792370261617,99.6029864113851,99.6238746848114,99.6364784089881,99.652632463475,99.6647315224497,99.6765872001809,99.6843919451971,99.686862761277
Eritrea,ERI,Access to clean fuels and technologies for cooking (% of population),EG.CFT.ACCS.ZS,,,,,,,,,,,,,,,,,,,,,,,,,,,,,,,,,,,,,,,,,6.08,6.49,7.07,7.56,7.88,8.76,9.3,9.96,10.58,11.37,12.13,12.73,13.4,14.01,14.78,15.6,16.32
Spain,ESP,Access to clean fuels and technologies for cooking (% of population),EG.CFT.ACCS.ZS,,,,,,,,,,,,,,,,,,,,,,,,,,,,,,,,,,,,,,,,,100,100,100,100,100,100,100,100,100,100,100,100,100,100,100,100,100
Estonia,EST,Access to clean fuels and technologies for cooking (% of population),EG.CFT.ACCS.ZS,,,,,,,,,,,,,,,,,,,,,,,,,,,,,,,,,,,,,,,,,79.41,81,82.27,83.25,84.79,85.64,86.64,87.58,88.38,89.26,90.04,90.54,91.18,91.65,92.14,92.61,92.89
Ethiopia,ETH,Access to clean fuels and technologies for cooking (% of population),EG.CFT.ACCS.ZS,,,,,,,,,,,,,,,,,,,,,,,,,,,,,,,,,,,,,,,,,1.07,1.18,1.31,1.45999999999999,1.58,1.79,1.96,2.1,2.36,2.51,2.69,2.82,3.01,3.11,3.25,3.4,3.51
European Union,EUU,Access to clean fuels and technologies for cooking (% of population),EG.CFT.ACCS.ZS,,,,,,,,,,,,,,,,,,,,,,,,,,,,,,,,,,,,,,,,,96.539812482291,96.8494398954669,97.1214818814269,97.3601325588972,97.5736870288449,97.7485828288536,97.920141046259,98.0746264740629,98.2150494955775,98.3269354625057,98.432172799355,98.5118180460982,98.5931217756216,98.6547922648657,98.7237086585639,98.7779410944559,98.8181213686542
Fragile and conflict affected situations,FCS,Access to clean fuels and technologies for cooking (% of population),EG.CFT.ACCS.ZS,,,,,,,,,,,,,,,,,,,,,,,,,,,,,,,,,,,,,,,,,17.9986094038479,18.4114587428899,18.8211477610455,19.1881113429675,19.5585964196749,19.9539036462552,20.334370936329,20.7074922481783,21.0880368038643,21.4431540473788,21.8171147880668,22.1692106663388,22.5561551786586,22.9275693546032,23.2588207412951,23.5701264874496,23.9785155371771
Finland,FIN,Access to clean fuels and technologies for cooking (% of population),EG.CFT.ACCS.ZS,,,,,,,,,,,,,,,,,,,,,,,,,,,,,,,,,,,,,,,,,100,100,100,100,100,100,100,100,100,100,100,100,100,100,100,100,100
Fiji,FJI,Access to clean fuels and technologies for cooking (% of population),EG.CFT.ACCS.ZS,,,,,,,,,,,,,,,,,,,,,,,,,,,,,,,,,,,,,,,,,31.13,31.58,32.43,32.91,33.47,33.98,34.69,35.39,35.8,36.33,36.91,37.47,37.93,38.32,38.83,39.16,39.56
France,FRA,Access to clean fuels and technologies for cooking (% of population),EG.CFT.ACCS.ZS,,,,,,,,,,,,,,,,,,,,,,,,,,,,,,,,,,,,,,,,,100,100,100,100,100,100,100,100,100,100,100,100,100,100,100,100,100
Faroe Islands,FRO,Access to clean fuels and technologies for cooking (% of population),EG.CFT.ACCS.ZS,,,,,,,,,,,,,,,,,,,,,,,,,,,,,,,,,,,,,,,,,,,,,,,,,,,,,,,,,
"Micronesia, Fed. Sts.",FSM,Access to clean fuels and technologies for cooking (% of population),EG.CFT.ACCS.ZS,,,,,,,,,,,,,,,,,,,,,,,,,,,,,,,,,,,,,,,,,10.92,11.04,11.04,11.04,11.1,11.21,11.13,11.23,11.39,11.42,11.5,11.45,11.63,11.64,11.69,11.79,11.97
Gabon,GAB,Access to clean fuels and technologies for cooking (% of population),EG.CFT.ACCS.ZS,,,,,,,,,,,,,,,,,,,,,,,,,,,,,,,,,,,,,,,,,58.72,60.59,62.4,64.33,65.35,67.19,68.85,69.84,71.14,72.06,73.57,74.64,75.75,76.53,77.3,78.13,79.12
United Kingdom,GBR,Access to clean fuels and technologies for cooking (% of population),EG.CFT.ACCS.ZS,,,,,,,,,,,,,,,,,,,,,,,,,,,,,,,,,,,,,,,,,100,100,100,100,100,100,100,100,100,100,100,100,100,100,100,100,100
Georgia,GEO,Access to clean fuels and technologies for cooking (% of population),EG.CFT.ACCS.ZS,,,,,,,,,,,,,,,,,,,,,,,,,,,,,,,,,,,,,,,,,41.19,43.74,46.15,48.62,51.27,53.61,56.49,58.89,61.46,63.75,66.26,68.57,70.47,72.26,74.35,76.36,77.79
Ghana,GHA,Access to clean fuels and technologies for cooking (% of population),EG.CFT.ACCS.ZS,,,,,,,,,,,,,,,,,,,,,,,,,,,,,,,,,,,,,,,,,5.89,6.48,7.15,7.76,8.54,9.44,10.17,11.04,12.07,13.11,14.05,15.11,16.43,17.58,18.82,20.37,21.71
Gibraltar,GIB,Access to clean fuels and technologies for cooking (% of population),EG.CFT.ACCS.ZS,,,,,,,,,,,,,,,,,,,,,,,,,,,,,,,,,,,,,,,,,,,,,,,,,,,,,,,,,
Guinea,GIN,Access to clean fuels and technologies for cooking (% of population),EG.CFT.ACCS.ZS,,,,,,,,,,,,,,,,,,,,,,,,,,,,,,,,,,,,,,,,,1.15,1.19,1.18,1.21,1.25,1.19,1.23,1.25,1.25999999999999,1.23,1.22,1.24,1.25999999999999,1.23,1.25,1.24,1.24
"Gambia, The",GMB,Access to clean fuels and technologies for cooking (% of population),EG.CFT.ACCS.ZS,,,,,,,,,,,,,,,,,,,,,,,,,,,,,,,,,,,,,,,,,3.19,3.17,3.17,3.16,3.18000000000001,3.15,3.19,3.14,3.16,3.22,3.18000000000001,3.24,3.2,3.26,3.27,3.23,3.3
Guinea-Bissau,GNB,Access to clean fuels and technologies for cooking (% of population),EG.CFT.ACCS.ZS,,,,,,,,,,,,,,,,,,,,,,,,,,,,,,,,,,,,,,,,,1.38,1.35,1.39,1.39,1.35,1.39,1.4,1.41,1.39,1.44,1.45999999999999,1.43,1.44,1.45999999999999,1.5,1.45999999999999,1.52
Equatorial Guinea,GNQ,Access to clean fuels and technologies for cooking (% of population),EG.CFT.ACCS.ZS,,,,,,,,,,,,,,,,,,,,,,,,,,,,,,,,,,,,,,,,,22.97,23.27,24.33,24.82,25.71,26.39,27.12,28.23,28.83,29.64,30.58,31.1,31.51,32.97,33.75,34,34.39
Greece,GRC,Access to clean fuels and technologies for cooking (% of population),EG.CFT.ACCS.ZS,,,,,,,,,,,,,,,,,,,,,,,,,,,,,,,,,,,,,,,,,88.2,89.16,89.83,90.58,91.19,91.77,92.26,92.66,92.98,93.3,93.63,93.77,93.98,94.1,94.22,94.31,94.29
Grenada,GRD,Access to clean fuels and technologies for cooking (% of population),EG.CFT.ACCS.ZS,,,,,,,,,,,,,,,,,,,,,,,,,,,,,,,,,,,,,,,,,92.93,93.39,93.84,94.18,94.59,94.82,95.11,95.33,95.56,95.73,95.89,96.08,96.22,96.4,96.46,96.5,96.58
Greenland,GRL,Access to clean fuels and technologies for cooking (% of population),EG.CFT.ACCS.ZS,,,,,,,,,,,,,,,,,,,,,,,,,,,,,,,,,,,,,,,,,,,,,,,,,,,,,,,,,
Guatemala,GTM,Access to clean fuels and technologies for cooking (% of population),EG.CFT.ACCS.ZS,,,,,,,,,,,,,,,,,,,,,,,,,,,,,,,,,,,,,,,,,39.34,39.75,40.11,40.71,40.94,41.56,41.93,42.35,42.8,43.19,43.42,43.94,44.24,44.46,44.88,45.06,45.23
Guam,GUM,Access to clean fuels and technologies for cooking (% of population),EG.CFT.ACCS.ZS,,,,,,,,,,,,,,,,,,,,,,,,,,,,,,,,,,,,,,,,,,,,,,,,,,,,,,,,,
Guyana,GUY,Access to clean fuels and technologies for cooking (% of population),EG.CFT.ACCS.ZS,,,,,,,,,,,,,,,,,,,,,,,,,,,,,,,,,,,,,,,,,36.33,38.72,41.52,43.89,46.48,48.99,51.81,54.33,57.03,59.48,61.85,64.31,66.38,68.64,70.79,72.59,74.48
High income,HIC,Access to clean fuels and technologies for cooking (% of population),EG.CFT.ACCS.ZS,,,,,,,,,,,,,,,,,,,,,,,,,,,,,,,,,,,,,,,,,98.2703588037093,98.3883783026257,98.4926860401387,98.5825011225753,98.6706536831469,98.732974055709,98.8030042816394,98.8649060309004,98.926903821882,98.96861560222,99.0174015440628,99.0459393467523,99.0815297388385,99.1063419744948,99.1313608235207,99.1473574133217,99.1635709804169
"Hong Kong SAR, China",HKG,Access to clean fuels and technologies for cooking (% of population),EG.CFT.ACCS.ZS,,,,,,,,,,,,,,,,,,,,,,,,,,,,,,,,,,,,,,,,,,,,,,,,,,,,,,,,,
Honduras,HND,Access to clean fuels and technologies for cooking (% of population),EG.CFT.ACCS.ZS,,,,,,,,,,,,,,,,,,,,,,,,,,,,,,,,,,,,,,,,,29.93,31.66,33.44,35.23,36.93,38.43,40.04,41.46,42.9,44.28,45.59,46.89,48.31,49.51,50.68,51.87,53.1
Heavily indebted poor countries (HIPC),HPC,Access to clean fuels and technologies for cooking (% of population),EG.CFT.ACCS.ZS,,,,,,,,,,,,,,,,,,,,,,,,,,,,,,,,,,,,,,,,,6.82152945944248,7.04813646240626,7.32277869118337,7.57569060599182,7.84822707300372,8.15611433803259,8.45116165168536,8.74160608017361,9.07316434722092,9.37776667864953,9.73475061122901,10.0821419217651,10.4269650636133,10.7846699207182,11.1523221683189,11.2429782772008,11.6585643256408
Croatia,HRV,Access to clean fuels and technologies for cooking (% of population),EG.CFT.ACCS.ZS,,,,,,,,,,,,,,,,,,,,,,,,,,,,,,,,,,,,,,,,,80.41,81.68,82.85,84.03,85.07,85.77,86.93,87.55,88.48,89.18,89.91,90.54,90.91,91.33,91.96,92.28,92.7
Haiti,HTI,Access to clean fuels and technologies for cooking (% of population),EG.CFT.ACCS.ZS,,,,,,,,,,,,,,,,,,,,,,,,,,,,,,,,,,,,,,,,,3.22,3.29,3.33,3.34,3.46,3.54,3.56,3.59,3.75,3.8,3.86,3.92,4.01,4.1,4.17,4.27,4.34
Hungary,HUN,Access to clean fuels and technologies for cooking (% of population),EG.CFT.ACCS.ZS,,,,,,,,,,,,,,,,,,,,,,,,,,,,,,,,,,,,,,,,,100,100,100,100,100,100,100,100,100,100,100,100,100,100,100,100,100
IBRD only,IBD,Access to clean fuels and technologies for cooking (% of population),EG.CFT.ACCS.ZS,,,,,,,,,,,,,,,,,,,,,,,,,,,,,,,,,,,,,,,,,47.371789871471,48.6506005237164,49.6370605334829,50.6019041676301,51.637144258254,52.6207996363843,53.7926648805942,54.8052866390774,55.8791218851785,56.7915298723595,57.9582960435877,58.8907951399215,59.8806150168086,60.8586914647191,61.6696215485296,62.4512067527231,63.2602050973741
IDA & IBRD total,IBT,Access to clean fuels and technologies for cooking (% of population),EG.CFT.ACCS.ZS,,,,,,,,,,,,,,,,,,,,,,,,,,,,,,,,,,,,,,,,,39.7972936773229,40.8217616196042,41.6070692270177,42.371760463729,43.1981237496266,43.9769229623917,44.9065344605855,45.7110845969661,46.5645592385496,47.2826367910463,48.2065991830098,48.9418614839486,49.7326331560067,50.4940096000897,51.13170901272,51.7506732468289,52.3918450111147
IDA total,IDA,Access to clean fuels and technologies for cooking (% of population),EG.CFT.ACCS.ZS,,,,,,,,,,,,,,,,,,,,,,,,,,,,,,,,,,,,,,,,,12.2514075401508,12.717200884053,13.1556876504418,13.5922361399655,14.0755686340955,14.5391318467678,15.0442526171193,15.5585790606998,16.0930481721085,16.5838523306364,17.1430773075743,17.6623088838576,18.1567123822788,18.6485450143531,19.1650504593985,19.7111357344142,20.2768052828797
IDA blend,IDB,Access to clean fuels and technologies for cooking (% of population),EG.CFT.ACCS.ZS,,,,,,,,,,,,,,,,,,,,,,,,,,,,,,,,,,,,,,,,,16.7889251278051,17.5113694637693,18.1196567676354,18.703503512553,19.4284447985361,20.0011656861372,20.6367374102825,21.3066290076206,21.9828716934687,22.6078111886354,23.3829796381429,24.1381781424897,24.86545816294,25.6007999817322,26.3657812825412,27.1758327360608,27.8998872778109
Indonesia,IDN,Access to clean fuels and technologies for cooking (% of population),EG.CFT.ACCS.ZS,,,,,,,,,,,,,,,,,,,,,,,,,,,,,,,,,,,,,,,,,5.42,6.93,9.05,11.29,14.41,18.1,21.99,26.28,31.03,35.7,40.19,43.93,47.73,51.13,54.17,56.49,58.37
IDA only,IDX,Access to clean fuels and technologies for cooking (% of population),EG.CFT.ACCS.ZS,,,,,,,,,,,,,,,,,,,,,,,,,,,,,,,,,,,,,,,,,9.96981757196645,10.3084135189289,10.6644562944619,11.0304126950374,11.3955491521392,11.8061492792464,12.2463247837563,12.681713672511,13.1427725030346,13.5629327489362,14.0073884689655,14.400925716491,14.7611776344464,15.1243506545371,15.5097398925019,15.9176033434194,16.399803342379
Isle of Man,IMN,Access to clean fuels and technologies for cooking (% of population),EG.CFT.ACCS.ZS,,,,,,,,,,,,,,,,,,,,,,,,,,,,,,,,,,,,,,,,,,,,,,,,,,,,,,,,,
India,IND,Access to clean fuels and technologies for cooking (% of population),EG.CFT.ACCS.ZS,,,,,,,,,,,,,,,,,,,,,,,,,,,,,,,,,,,,,,,,,22.15,23.85,25.01,25.93,27.41,28.34,29.74,30.95,32.06,32.82,34.4,35.42,36.64,37.81,38.8,39.88,41.04
Not classified,INX,Access to clean fuels and technologies for cooking (% of population),EG.CFT.ACCS.ZS,,,,,,,,,,,,,,,,,,,,,,,,,,,,,,,,,,,,,,,,,,,,,,,,,,,,,,,,,
Ireland,IRL,Access to clean fuels and technologies for cooking (% of population),EG.CFT.ACCS.ZS,,,,,,,,,,,,,,,,,,,,,,,,,,,,,,,,,,,,,,,,,100,100,100,100,100,100,100,100,100,100,100,100,100,100,100,100,100
"Iran, Islamic Rep.",IRN,Access to clean fuels and technologies for cooking (% of population),EG.CFT.ACCS.ZS,,,,,,,,,,,,,,,,,,,,,,,,,,,,,,,,,,,,,,,,,85.68,88.14,90.14,91.74,93.21,94.25,95.26,95.88,96.5,96.98,97.36,97.63,97.89,98.12,98.29,98.42,98.49
Iraq,IRQ,Access to clean fuels and technologies for cooking (% of population),EG.CFT.ACCS.ZS,,,,,,,,,,,,,,,,,,,,,,,,,,,,,,,,,,,,,,,,,74.95,78.65,81.76,84.63,86.96,89.01,90.77,92.14,93.38,94.24,95.1,95.72,96.18,96.71,97.04,97.39,97.63
Iceland,ISL,Access to clean fuels and technologies for cooking (% of population),EG.CFT.ACCS.ZS,,,,,,,,,,,,,,,,,,,,,,,,,,,,,,,,,,,,,,,,,100,100,100,100,100,100,100,100,100,100,100,100,100,100,100,100,100
Israel,ISR,Access to clean fuels and technologies for cooking (% of population),EG.CFT.ACCS.ZS,,,,,,,,,,,,,,,,,,,,,,,,,,,,,,,,,,,,,,,,,100,100,100,100,100,100,100,100,100,100,100,100,100,100,100,100,100
Italy,ITA,Access to clean fuels and technologies for cooking (% of population),EG.CFT.ACCS.ZS,,,,,,,,,,,,,,,,,,,,,,,,,,,,,,,,,,,,,,,,,100,100,100,100,100,100,100,100,100,100,100,100,100,100,100,100,100
Jamaica,JAM,Access to clean fuels and technologies for cooking (% of population),EG.CFT.ACCS.ZS,,,,,,,,,,,,,,,,,,,,,,,,,,,,,,,,,,,,,,,,,73.16,74.88,76.48,77.81,79.36,80.57,81.72,82.99,83.97,85.08,86,86.94,87.67,88.43,89.22,89.89,90.5
Jordan,JOR,Access to clean fuels and technologies for cooking (% of population),EG.CFT.ACCS.ZS,,,,,,,,,,,,,,,,,,,,,,,,,,,,,,,,,,,,,,,,,97.28,97.59,97.69,97.98,98.11,98.24,98.37,98.41,98.56,98.65,98.74,98.84,98.9,98.95,98.94,99.04,99.06
Japan,JPN,Access to clean fuels and technologies for cooking (% of population),EG.CFT.ACCS.ZS,,,,,,,,,,,,,,,,,,,,,,,,,,,,,,,,,,,,,,,,,100,100,100,100,100,100,100,100,100,100,100,100,100,100,100,100,100
Kazakhstan,KAZ,Access to clean fuels and technologies for cooking (% of population),EG.CFT.ACCS.ZS,,,,,,,,,,,,,,,,,,,,,,,,,,,,,,,,,,,,,,,,,82.85,84.31,85.55,86.59,87.73,88.76,89.6,90.52,91.42,91.82,92.68,93.08,93.57,94.12,94.64,95.07,95.34
Kenya,KEN,Access to clean fuels and technologies for cooking (% of population),EG.CFT.ACCS.ZS,,,,,,,,,,,,,,,,,,,,,,,,,,,,,,,,,,,,,,,,,1.99,2.35,2.68,3.15,3.65,4.27999999999999,4.93,5.65,6.39,7.24,8.02,8.95,9.9,10.74,11.83,12.76,13.42
Kyrgyz Republic,KGZ,Access to clean fuels and technologies for cooking (% of population),EG.CFT.ACCS.ZS,,,,,,,,,,,,,,,,,,,,,,,,,,,,,,,,,,,,,,,,,51.72,53.71,56.08,58.36,60.08,62.04,64.43,66.25,68.67,70.04,72.15,73.86,75.27,76.91,78.38,79.98,81.25
Cambodia,KHM,Access to clean fuels and technologies for cooking (% of population),EG.CFT.ACCS.ZS,,,,,,,,,,,,,,,,,,,,,,,,,,,,,,,,,,,,,,,,,4.66,5.18,5.69,6.22,6.73,7.35,7.98,8.72000000000001,9.47,10.32,11.22,12.02,12.98,14.05,15.28,16.36,17.69
Kiribati,KIR,Access to clean fuels and technologies for cooking (% of population),EG.CFT.ACCS.ZS,,,,,,,,,,,,,,,,,,,,,,,,,,,,,,,,,,,,,,,,,2.26,2.21,2.22,2.22,2.25,2.28,2.36,2.46,2.59,2.74,2.99,3.15,3.59,3.94,4.38,4.9,5.52
St. Kitts and Nevis,KNA,Access to clean fuels and technologies for cooking (% of population),EG.CFT.ACCS.ZS,,,,,,,,,,,,,,,,,,,,,,,,,,,,,,,,,,,,,,,,,100,100,100,100,100,100,100,100,100,100,100,100,100,100,100,100,100
"Korea, Rep.",KOR,Access to clean fuels and technologies for cooking (% of population),EG.CFT.ACCS.ZS,,,,,,,,,,,,,,,,,,,,,,,,,,,,,,,,,,,,,,,,,96.21,96.36,96.46,96.47,96.6,96.57,96.59,96.57,96.73,96.66,96.8,96.68,96.79,96.8,96.77,96.68,96.68
Kuwait,KWT,Access to clean fuels and technologies for cooking (% of population),EG.CFT.ACCS.ZS,,,,,,,,,,,,,,,,,,,,,,,,,,,,,,,,,,,,,,,,,100,100,100,100,100,100,100,100,100,100,100,100,100,100,100,100,100
Latin America & Caribbean (excluding high income),LAC,Access to clean fuels and technologies for cooking (% of population),EG.CFT.ACCS.ZS,,,,,,,,,,,,,,,,,,,,,,,,,,,,,,,,,,,,,,,,,77.6214318130297,78.5944318376589,79.4875462405241,80.344102451845,81.1185810611257,81.8828058651904,82.5305960692348,83.1091380458682,83.7268815614019,84.272574916345,84.736710427794,85.2015092510963,85.6542659743397,86.0567237233386,86.4648535944124,86.4025904023689,86.7260289693358
Lao PDR,LAO,Access to clean fuels and technologies for cooking (% of population),EG.CFT.ACCS.ZS,,,,,,,,,,,,,,,,,,,,,,,,,,,,,,,,,,,,,,,,,3.99,4.04,4.21,4.13,4.29,4.27999999999999,4.56,4.55,4.79000000000001,4.73,4.83,5.04,5.13,5.22,5.42,5.54,5.62
Lebanon,LBN,Access to clean fuels and technologies for cooking (% of population),EG.CFT.ACCS.ZS,,,,,,,,,,,,,,,,,,,,,,,,,,,,,,,,,,,,,,,,,,,,,,,,,,,,,,,,,
Liberia,LBR,Access to clean fuels and technologies for cooking (% of population),EG.CFT.ACCS.ZS,,,,,,,,,,,,,,,,,,,,,,,,,,,,,,,,,,,,,,,,,0.619999999999998,0.619999999999998,0.590000000000002,0.619999999999998,0.629999999999997,0.629999999999997,0.629999999999997,0.639999999999996,0.629999999999997,0.670000000000004,0.649999999999995,0.670000000000004,0.690000000000002,0.680000000000003,0.71,0.700000000000001,0.71
Libya,LBY,Access to clean fuels and technologies for cooking (% of population),EG.CFT.ACCS.ZS,,,,,,,,,,,,,,,,,,,,,,,,,,,,,,,,,,,,,,,,,,,,,,,,,,,,,,,,,
St. Lucia,LCA,Access to clean fuels and technologies for cooking (% of population),EG.CFT.ACCS.ZS,,,,,,,,,,,,,,,,,,,,,,,,,,,,,,,,,,,,,,,,,86.29,87.55,88.65,89.7,90.72,91.55,92.38,93.07,93.73,94.38,94.88,95.41,95.81,96.23,96.61,96.97,97.23
Latin America & Caribbean,LCN,Access to clean fuels and technologies for cooking (% of population),EG.CFT.ACCS.ZS,,,,,,,,,,,,,,,,,,,,,,,,,,,,,,,,,,,,,,,,,78.0778225929452,79.0262455029609,79.9032852113418,80.7405224894626,81.5022605801797,82.2481432726921,82.8828724546653,83.4539753185561,84.0569838817058,84.5911926497952,85.0458455320011,85.5029267717735,85.9454158941987,86.340748558811,86.7414077198481,86.6877890761631,87.0088024462635
Least developed countries: UN classification,LDC,Access to clean fuels and technologies for cooking (% of population),EG.CFT.ACCS.ZS,,,,,,,,,,,,,,,,,,,,,,,,,,,,,,,,,,,,,,,,,7.35415929069844,7.66124716545307,7.98606322679604,8.33154960030452,8.66628306342136,9.04270008788475,9.43243134278825,9.80691681845877,10.2110922317361,10.6103234096679,11.0780053029061,11.5313331111444,11.9632475539324,12.4335637258028,12.9174771549095,13.4118173865022,13.9602253836945
Low income,LIC,Access to clean fuels and technologies for cooking (% of population),EG.CFT.ACCS.ZS,,,,,,,,,,,,,,,,,,,,,,,,,,,,,,,,,,,,,,,,,9.69858300674349,9.93076880242829,10.1945580918399,10.4372998102129,10.722374717749,11.0457328679328,11.4069614743044,11.7622353197075,12.1483538241626,12.4639967280891,12.7706078485732,13.0001948051955,13.1648918343256,13.3278448343316,13.507569027109,13.7014937736022,13.9682575114772
Liechtenstein,LIE,Access to clean fuels and technologies for cooking (% of population),EG.CFT.ACCS.ZS,,,,,,,,,,,,,,,,,,,,,,,,,,,,,,,,,,,,,,,,,,,,,,,,,,,,,,,,,
Sri Lanka,LKA,Access to clean fuels and technologies for cooking (% of population),EG.CFT.ACCS.ZS,,,,,,,,,,,,,,,,,,,,,,,,,,,,,,,,,,,,,,,,,15.64,16.2,16.94,17.31,18.03,18.68,19.41,20.01,20.69,21.12,21.83,22.74,23.37,24.06,24.76,25.44,26.33
Lower middle income,LMC,Access to clean fuels and technologies for cooking (% of population),EG.CFT.ACCS.ZS,,,,,,,,,,,,,,,,,,,,,,,,,,,,,,,,,,,,,,,,,25.5223064641786,26.7636563495566,27.7396607805804,28.5454180240813,29.6697994319449,30.4920382926468,31.5665996856628,32.5214834967351,33.4266407013647,34.1609092814287,35.3383685795248,36.2179978389098,37.1946828274891,38.1463160022372,39.0124591616241,39.8354147193839,40.7685635068035
Low & middle income,LMY,Access to clean fuels and technologies for cooking (% of population),EG.CFT.ACCS.ZS,,,,,,,,,,,,,,,,,,,,,,,,,,,,,,,,,,,,,,,,,38.8408220385227,39.8799678355934,40.6770476969048,41.4513490066112,42.2888455607142,43.0802443726438,44.0231956235421,44.8416906821839,45.7104375461826,46.4420483188516,47.3818999811855,48.1297903617189,48.9349575153967,49.7106188595224,50.3618483622166,50.9932052967944,51.647933104612
Lesotho,LSO,Access to clean fuels and technologies for cooking (% of population),EG.CFT.ACCS.ZS,,,,,,,,,,,,,,,,,,,,,,,,,,,,,,,,,,,,,,,,,18.14,19.03,20.61,21.48,23.05,24.1,25.29,26.69,27.63,28.78,29.86,30.68,31.96,32.99,33.93,34.74,35.61
Late-demographic dividend,LTE,Access to clean fuels and technologies for cooking (% of population),EG.CFT.ACCS.ZS,,,,,,,,,,,,,,,,,,,,,,,,,,,,,,,,,,,,,,,,,56.8409478292623,57.9551902795547,58.7428055487004,59.6602204086814,60.3401768050345,61.1900459348981,62.1502020916809,62.9131688015113,63.8079337420938,64.5839988249808,65.4157408042875,66.1791894302329,66.9388902178994,67.7273036940612,68.34730561454,69.0500286538863,69.7207720018902
Lithuania,LTU,Access to clean fuels and technologies for cooking (% of population),EG.CFT.ACCS.ZS,,,,,,,,,,,,,,,,,,,,,,,,,,,,,,,,,,,,,,,,,100,100,100,100,100,100,100,100,100,100,100,100,100,100,100,100,100
Luxembourg,LUX,Access to clean fuels and technologies for cooking (% of population),EG.CFT.ACCS.ZS,,,,,,,,,,,,,,,,,,,,,,,,,,,,,,,,,,,,,,,,,100,100,100,100,100,100,100,100,100,100,100,100,100,100,100,100,100
Latvia,LVA,Access to clean fuels and technologies for cooking (% of population),EG.CFT.ACCS.ZS,,,,,,,,,,,,,,,,,,,,,,,,,,,,,,,,,,,,,,,,,85.93,87.05,88,88.95,89.9,90.49,91.22,91.87,92.49,92.87,93.37,93.83,94.14,94.5,94.85,95.05,95.28
"Macao SAR, China",MAC,Access to clean fuels and technologies for cooking (% of population),EG.CFT.ACCS.ZS,,,,,,,,,,,,,,,,,,,,,,,,,,,,,,,,,,,,,,,,,,,,,,,,,,,,,,,,,
St. Martin (French part),MAF,Access to clean fuels and technologies for cooking (% of population),EG.CFT.ACCS.ZS,,,,,,,,,,,,,,,,,,,,,,,,,,,,,,,,,,,,,,,,,,,,,,,,,,,,,,,,,
Morocco,MAR,Access to clean fuels and technologies for cooking (% of population),EG.CFT.ACCS.ZS,,,,,,,,,,,,,,,,,,,,,,,,,,,,,,,,,,,,,,,,,89.7,90.68,91.49,92.19,93.08,93.62,94,94.5,94.87,95.22,95.61,95.82,96.12,96.27,96.43,96.6,96.75
Monaco,MCO,Access to clean fuels and technologies for cooking (% of population),EG.CFT.ACCS.ZS,,,,,,,,,,,,,,,,,,,,,,,,,,,,,,,,,,,,,,,,,100,100,100,100,100,100,100,100,100,100,100,100,100,100,100,100,100
Moldova,MDA,Access to clean fuels and technologies for cooking (% of population),EG.CFT.ACCS.ZS,,,,,,,,,,,,,,,,,,,,,,,,,,,,,,,,,,,,,,,,,68.34,70.95,72.9,75.22,77.23,78.95,81.2,82.55,83.92,85.17,86.71,87.92,88.89,89.89,90.81,91.34,92.19
Madagascar,MDG,Access to clean fuels and technologies for cooking (% of population),EG.CFT.ACCS.ZS,,,,,,,,,,,,,,,,,,,,,,,,,,,,,,,,,,,,,,,,,1.1,1.11,1.1,1.08,1.03,1.02,1.03,1.02,0.990000000000002,0.970000000000004,0.960000000000005,0.939999999999996,0.960000000000005,0.939999999999996,0.919999999999999,0.900000000000001,0.91
Maldives,MDV,Access to clean fuels and technologies for cooking (% of population),EG.CFT.ACCS.ZS,,,,,,,,,,,,,,,,,,,,,,,,,,,,,,,,,,,,,,,,,32.18,38.56,45.18,51.9,58.33,64.78,69.74,74.19,78.36,81.46,84.43,86.7,88.63,90.45,91.71,92.88,93.83
Middle East & North Africa,MEA,Access to clean fuels and technologies for cooking (% of population),EG.CFT.ACCS.ZS,,,,,,,,,,,,,,,,,,,,,,,,,,,,,,,,,,,,,,,,,84.8818973637876,86.4785602485292,88.0142870787768,89.0658001751927,90.1590970102645,91.1302225896952,91.8963255993461,92.5053690239844,93.0292226565628,93.4950782957899,93.8790002823352,94.1294137494287,94.3138115850566,94.5673512693435,94.7464721873664,94.8527929636976,94.9839558499599
Mexico,MEX,Access to clean fuels and technologies for cooking (% of population),EG.CFT.ACCS.ZS,,,,,,,,,,,,,,,,,,,,,,,,,,,,,,,,,,,,,,,,,80.68,80.97,81.25,81.61,81.96,82.27,82.52,82.83,83.15,83.41,83.74,84,84.24,84.59,84.87,85.15,85.35
Marshall Islands,MHL,Access to clean fuels and technologies for cooking (% of population),EG.CFT.ACCS.ZS,,,,,,,,,,,,,,,,,,,,,,,,,,,,,,,,,,,,,,,,,13.21,15.94,19.37,23.21,27.9,32.72,37.98,42.91,47.68,51.79,55.38,58.58,60.84,62.6,63.57,64.63,65.35
Middle income,MIC,Access to clean fuels and technologies for cooking (% of population),EG.CFT.ACCS.ZS,,,,,,,,,,,,,,,,,,,,,,,,,,,,,,,,,,,,,,,,,41.423203770732,42.5732387340575,43.4608494513856,44.3290320812447,45.2653473140512,46.1500154827087,47.1998576961945,48.1163570231702,49.0866070891858,49.913646967974,50.9716940318079,51.8260589489237,52.7291052570015,53.6229161981506,54.3796892247281,55.1162184210832,55.8737918789448
North Macedonia,MKD,Access to clean fuels and technologies for cooking (% of population),EG.CFT.ACCS.ZS,,,,,,,,,,,,,,,,,,,,,,,,,,,,,,,,,,,,,,,,,43.92,45.71,47.2,48.89,50.6,52.08,53.54,55.22,56.55,58.3,59.28,60.59,61.79,62.88,64.14,64.9,65.63
Mali,MLI,Access to clean fuels and technologies for cooking (% of population),EG.CFT.ACCS.ZS,,,,,,,,,,,,,,,,,,,,,,,,,,,,,,,,,,,,,,,,,1.3,1.28,1.25,1.24,1.17,1.18,1.17,1.13,1.09,1.09,1.02,1.05,1,1,0.970000000000004,0.929999999999998,0.960000000000005
Malta,MLT,Access to clean fuels and technologies for cooking (% of population),EG.CFT.ACCS.ZS,,,,,,,,,,,,,,,,,,,,,,,,,,,,,,,,,,,,,,,,,100,100,100,100,100,100,100,100,100,100,100,100,100,100,100,100,100
Myanmar,MMR,Access to clean fuels and technologies for cooking (% of population),EG.CFT.ACCS.ZS,,,,,,,,,,,,,,,,,,,,,,,,,,,,,,,,,,,,,,,,,4.72,5.18,5.74,6.23,6.69999999999999,7.46,7.97,8.77,9.33000000000001,10.24,11.14,12.13,13.24,14.45,15.44,16.97,18.4
Middle East & North Africa (excluding high income),MNA,Access to clean fuels and technologies for cooking (% of population),EG.CFT.ACCS.ZS,,,,,,,,,,,,,,,,,,,,,,,,,,,,,,,,,,,,,,,,,83.4276524954939,85.1907674299676,86.895161201552,88.0463322870951,89.2534619483382,90.332070084791,91.1622994163549,91.819746729539,92.388182634716,92.8972930722035,93.3156011783932,93.5880675569131,93.793851640968,94.0839219514471,94.2916270518767,94.4104797713852,94.5666476387558
Montenegro,MNE,Access to clean fuels and technologies for cooking (% of population),EG.CFT.ACCS.ZS,,,,,,,,,,,,,,,,,,,,,,,,,,,,,,,,,,,,,,,,,55.03,55.87,56.95,57.76,58.98,59.87,60.71,61.97,62.67,63.91,64.8,65.33,66.43,67.02,68.04,68.57,69.35
Mongolia,MNG,Access to clean fuels and technologies for cooking (% of population),EG.CFT.ACCS.ZS,,,,,,,,,,,,,,,,,,,,,,,,,,,,,,,,,,,,,,,,,21.83,22.92,24.09,25.22,26.49,27.63,28.72,30.32,31.57,32.68,34.18,35.57,36.69,38.33,39.82,41.32,42.8
Northern Mariana Islands,MNP,Access to clean fuels and technologies for cooking (% of population),EG.CFT.ACCS.ZS,,,,,,,,,,,,,,,,,,,,,,,,,,,,,,,,,,,,,,,,,,,,,,,,,,,,,,,,,
Mozambique,MOZ,Access to clean fuels and technologies for cooking (% of population),EG.CFT.ACCS.ZS,,,,,,,,,,,,,,,,,,,,,,,,,,,,,,,,,,,,,,,,,3.07,3.08000000000001,3.13,3.09,3.11,3.21,3.25,3.25,3.3,3.28000000000001,3.4,3.46,3.48000000000001,3.56,3.56,3.62,3.69
Mauritania,MRT,Access to clean fuels and technologies for cooking (% of population),EG.CFT.ACCS.ZS,,,,,,,,,,,,,,,,,,,,,,,,,,,,,,,,,,,,,,,,,29.04,30.08,31.23,32.34,33.48,34.51,35.61,36.87,37.75,38.91,40.08,41.31,42.34,43.35,44.26,45.66,46.56
Mauritius,MUS,Access to clean fuels and technologies for cooking (% of population),EG.CFT.ACCS.ZS,,,,,,,,,,,,,,,,,,,,,,,,,,,,,,,,,,,,,,,,,87.35,87.68,88.69,89.24,90.09,90.43,91.17,91.43,91.64,92.23,92.27,92.56,92.62,92.74,92.94,93.11,93.34
Malawi,MWI,Access to clean fuels and technologies for cooking (% of population),EG.CFT.ACCS.ZS,,,,,,,,,,,,,,,,,,,,,,,,,,,,,,,,,,,,,,,,,1.75,1.77,1.83,1.91,1.94,1.98,2.01,2.07000000000001,2.15,2.2,2.18,2.25,2.33,2.35,2.43,2.49,2.5
Malaysia,MYS,Access to clean fuels and technologies for cooking (% of population),EG.CFT.ACCS.ZS,,,,,,,,,,,,,,,,,,,,,,,,,,,,,,,,,,,,,,,,,94.53,94.99,95.28,95.58,95.87,96.03,96.32,96.34,96.46,96.43,96.47,96.56,96.62,96.49,96.38,96.3,96.3
North America,NAC,Access to clean fuels and technologies for cooking (% of population),EG.CFT.ACCS.ZS,,,,,,,,,,,,,,,,,,,,,,,,,,,,,,,,,,,,,,,,,100,100,100,100,100,100,100,100,100,100,100,100,100,100,100,100,100
Namibia,NAM,Access to clean fuels and technologies for cooking (% of population),EG.CFT.ACCS.ZS,,,,,,,,,,,,,,,,,,,,,,,,,,,,,,,,,,,,,,,,,32.51,33.22,33.76,34.64,35.13,35.87,36.52,37.31,37.72,38.34,38.88,39.59,40.11,40.53,41.25,41.32,42.2
New Caledonia,NCL,Access to clean fuels and technologies for cooking (% of population),EG.CFT.ACCS.ZS,,,,,,,,,,,,,,,,,,,,,,,,,,,,,,,,,,,,,,,,,,,,,,,,,,,,,,,,,
Niger,NER,Access to clean fuels and technologies for cooking (% of population),EG.CFT.ACCS.ZS,,,,,,,,,,,,,,,,,,,,,,,,,,,,,,,,,,,,,,,,,1.01,1.07,1.13,1.14,1.25,1.25999999999999,1.32,1.37,1.43,1.45,1.55,1.61,1.67,1.7,1.77,1.88,1.91
Nigeria,NGA,Access to clean fuels and technologies for cooking (% of population),EG.CFT.ACCS.ZS,,,,,,,,,,,,,,,,,,,,,,,,,,,,,,,,,,,,,,,,,0.839999999999996,0.919999999999999,1.02,1.1,1.25999999999999,1.39,1.57,1.72,1.96,2.19,2.44,2.74,3.09,3.48000000000001,3.92,4.39000000000001,4.91
Nicaragua,NIC,Access to clean fuels and technologies for cooking (% of population),EG.CFT.ACCS.ZS,,,,,,,,,,,,,,,,,,,,,,,,,,,,,,,,,,,,,,,,,34.08,35.22,36.45,37.66,38.78,39.84,40.91,42.16,43.22,44.41,45.61,46.71,47.81,48.98,50.06,51.41,52.3
Netherlands,NLD,Access to clean fuels and technologies for cooking (% of population),EG.CFT.ACCS.ZS,,,,,,,,,,,,,,,,,,,,,,,,,,,,,,,,,,,,,,,,,100,100,100,100,100,100,100,100,100,100,100,100,100,100,100,100,100
Norway,NOR,Access to clean fuels and technologies for cooking (% of population),EG.CFT.ACCS.ZS,,,,,,,,,,,,,,,,,,,,,,,,,,,,,,,,,,,,,,,,,100,100,100,100,100,100,100,100,100,100,100,100,100,100,100,100,100
Nepal,NPL,Access to clean fuels and technologies for cooking (% of population),EG.CFT.ACCS.ZS,,,,,,,,,,,,,,,,,,,,,,,,,,,,,,,,,,,,,,,,,14.92,15.45,16.18,16.96,17.67,18.13,19.02,19.78,20.42,21.25,22.31,23.1,23.81,24.59,25.5,26.56,27.62
Nauru,NRU,Access to clean fuels and technologies for cooking (% of population),EG.CFT.ACCS.ZS,,,,,,,,,,,,,,,,,,,,,,,,,,,,,,,,,,,,,,,,,73.9,76.29,78.59,80.41,82.11,83.7,85.27,86.21,87.4,88.13,88.95,89.42,89.98,90.54,90.88,91.16,91.33
New Zealand,NZL,Access to clean fuels and technologies for cooking (% of population),EG.CFT.ACCS.ZS,,,,,,,,,,,,,,,,,,,,,,,,,,,,,,,,,,,,,,,,,100,100,100,100,100,100,100,100,100,100,100,100,100,100,100,100,100
OECD members,OED,Access to clean fuels and technologies for cooking (% of population),EG.CFT.ACCS.ZS,,,,,,,,,,,,,,,,,,,,,,,,,,,,,,,,,,,,,,,,,96.9774865196422,97.0667609713508,97.1450856262257,97.2273185443247,97.3054199020704,97.3716372422322,97.4300190796416,97.482873100007,97.5548305685719,97.5988296757531,97.6535763940009,97.6853740451253,97.7302978427843,97.7787175500517,97.828402708751,97.8598967753462,97.8915980506785
Oman,OMN,Access to clean fuels and technologies for cooking (% of population),EG.CFT.ACCS.ZS,,,,,,,,,,,,,,,,,,,,,,,,,,,,,,,,,,,,,,,,,84.56,86.01,87.32,88.48,89.57,90.5,91.34,92.06,92.69,93.22,93.71,94.06,94.38,94.74,94.9,95.06,95.22
Other small states,OSS,Access to clean fuels and technologies for cooking (% of population),EG.CFT.ACCS.ZS,,,,,,,,,,,,,,,,,,,,,,,,,,,,,,,,,,,,,,,,,44.080336976574,44.8572525461251,45.7156913590619,46.5265531248413,47.4486714675244,48.4050748653164,49.4046097243073,50.4607892503818,51.4392086326345,52.3913045617978,53.2184272403662,53.864132719793,54.4745468791841,55.0348114120749,55.5266451849342,55.9341199858274,56.3910574365484
Pakistan,PAK,Access to clean fuels and technologies for cooking (% of population),EG.CFT.ACCS.ZS,,,,,,,,,,,,,,,,,,,,,,,,,,,,,,,,,,,,,,,,,22.62,24.14,25.39,26.63,28.12,29.23,30.5,31.81,33.05,34.17,35.59,36.85,38.13,39.47,40.74,42.13,43.32
Panama,PAN,Access to clean fuels and technologies for cooking (% of population),EG.CFT.ACCS.ZS,,,,,,,,,,,,,,,,,,,,,,,,,,,,,,,,,,,,,,,,,78.71,79.46,80.38,81.16,81.88,82.62,83.26,83.98,84.56,85.23,85.84,86.37,86.9,87.37,87.98,88.47,89.01
Peru,PER,Access to clean fuels and technologies for cooking (% of population),EG.CFT.ACCS.ZS,,,,,,,,,,,,,,,,,,,,,,,,,,,,,,,,,,,,,,,,,35.28,40,44.1,48.13,51.72,54.92,57.57,60.08,62.34,64.53,66.13,67.86,69.53,70.95,72.41,73.87,75.06
Philippines,PHL,Access to clean fuels and technologies for cooking (% of population),EG.CFT.ACCS.ZS,,,,,,,,,,,,,,,,,,,,,,,,,,,,,,,,,,,,,,,,,36.28,37.09,37.87,38.53,39.15,39.29,40.23,40.52,40.75,41.05,41.56,42.06,42.43,42.69,42.83,43.21,43.22
Palau,PLW,Access to clean fuels and technologies for cooking (% of population),EG.CFT.ACCS.ZS,,,,,,,,,,,,,,,,,,,,,,,,,,,,,,,,,,,,,,,,,64.37,67.31,70.1,72.59,74.7,76.68,78.29,79.72,81.07,82.05,83.15,83.91,84.66,85.3,85.85,86.39,86.9
Papua New Guinea,PNG,Access to clean fuels and technologies for cooking (% of population),EG.CFT.ACCS.ZS,,,,,,,,,,,,,,,,,,,,,,,,,,,,,,,,,,,,,,,,,6.83,7.23,7.46,7.86,8.24,8.52,8.94,9.24,9.84,10.09,10.59,10.92,11.43,11.95,12.41,12.85,13.43
Poland,POL,Access to clean fuels and technologies for cooking (% of population),EG.CFT.ACCS.ZS,,,,,,,,,,,,,,,,,,,,,,,,,,,,,,,,,,,,,,,,,100,100,100,100,100,100,100,100,100,100,100,100,100,100,100,100,100
Pre-demographic dividend,PRE,Access to clean fuels and technologies for cooking (% of population),EG.CFT.ACCS.ZS,,,,,,,,,,,,,,,,,,,,,,,,,,,,,,,,,,,,,,,,,8.37608276384364,8.7269587256344,9.08405019979302,9.41897002768674,9.75942383697721,10.0976505437977,10.4226778127063,10.7147179915338,11.0426487690364,11.3654227984793,11.7599754072161,12.1751689081258,12.5997450244803,13.0659329664613,13.5370342087423,13.9927883534778,14.4631308553354
Puerto Rico,PRI,Access to clean fuels and technologies for cooking (% of population),EG.CFT.ACCS.ZS,,,,,,,,,,,,,,,,,,,,,,,,,,,,,,,,,,,,,,,,,,,,,,,,,,,,,,,,,
"Korea, Dem. Peoples Rep.",PRK,Access to clean fuels and technologies for cooking (% of population),EG.CFT.ACCS.ZS,,,,,,,,,,,,,,,,,,,,,,,,,,,,,,,,,,,,,,,,,3.06,3.4,3.75,3.94,4.39000000000001,4.81,5.28999999999999,5.71,6.17,6.8,7.29,7.81,8.38,8.89,9.71,10.08,10.8
Portugal,PRT,Access to clean fuels and technologies for cooking (% of population),EG.CFT.ACCS.ZS,,,,,,,,,,,,,,,,,,,,,,,,,,,,,,,,,,,,,,,,,100,100,100,100,100,100,100,100,100,100,100,100,100,100,100,100,100
Paraguay,PRY,Access to clean fuels and technologies for cooking (% of population),EG.CFT.ACCS.ZS,,,,,,,,,,,,,,,,,,,,,,,,,,,,,,,,,,,,,,,,,44.49,45.8,47.32,48.53,50.08,51.58,52.84,54.29,55.71,57.16,58.4,59.77,61.18,62.46,63.73,65,66.22
West Bank and Gaza,PSE,Access to clean fuels and technologies for cooking (% of population),EG.CFT.ACCS.ZS,,,,,,,,,,,,,,,,,,,,,,,,,,,,,,,,,,,,,,,,,,,,,,,,,,,,,,,,,
Pacific island small states,PSS,Access to clean fuels and technologies for cooking (% of population),EG.CFT.ACCS.ZS,,,,,,,,,,,,,,,,,,,,,,,,,,,,,,,,,,,,,,,,,21.6278790513093,22.0351110508663,22.578147105945,22.9941139021405,23.4343829526591,23.8486919757198,24.3447862146569,24.8311193922573,25.2029808932195,25.5937027984086,25.9437731669947,26.2167742677975,26.3906238440557,26.5508339789931,26.7660941682551,26.8628287851619,27.0157690782634
Post-demographic dividend,PST,Access to clean fuels and technologies for cooking (% of population),EG.CFT.ACCS.ZS,,,,,,,,,,,,,,,,,,,,,,,,,,,,,,,,,,,,,,,,,98.0288709075457,98.1720529444824,98.292138153439,98.4061748326742,98.5056430210185,98.5935809432883,98.6781349115712,98.7442755777979,98.8134921578258,98.863723361054,98.9259678274922,98.9602614607991,99.012374366297,99.0480658914606,99.080386318795,99.105221467195,99.1332897866289
French Polynesia,PYF,Access to clean fuels and technologies for cooking (% of population),EG.CFT.ACCS.ZS,,,,,,,,,,,,,,,,,,,,,,,,,,,,,,,,,,,,,,,,,,,,,,,,,,,,,,,,,
Qatar,QAT,Access to clean fuels and technologies for cooking (% of population),EG.CFT.ACCS.ZS,,,,,,,,,,,,,,,,,,,,,,,,,,,,,,,,,,,,,,,,,92.1,93.26,94.26,95.02,95.62,96.17,96.59,96.94,97.23,97.46,97.71,97.96,98.07,98.25,98.32,98.44,98.49
Romania,ROU,Access to clean fuels and technologies for cooking (% of population),EG.CFT.ACCS.ZS,,,,,,,,,,,,,,,,,,,,,,,,,,,,,,,,,,,,,,,,,64.5,66.78,68.69,70.71,72.63,74.2,75.88,77.33,78.59,79.71,80.96,82.04,83.01,83.73,84.6,85.33,85.88
Russian Federation,RUS,Access to clean fuels and technologies for cooking (% of population),EG.CFT.ACCS.ZS,,,,,,,,,,,,,,,,,,,,,,,,,,,,,,,,,,,,,,,,,92.69,93.36,94.07,94.57,95.03,95.5,95.96,96.28,96.64,96.93,97.22,97.42,97.62,97.81,98.03,98.15,98.25
Rwanda,RWA,Access to clean fuels and technologies for cooking (% of population),EG.CFT.ACCS.ZS,,,,,,,,,,,,,,,,,,,,,,,,,,,,,,,,,,,,,,,,,0.290000000000001,0.309999999999999,0.319999999999998,0.339999999999996,0.349999999999995,0.370000000000004,0.409999999999999,0.429999999999997,0.439999999999996,0.439999999999996,0.470000000000004,0.480000000000003,0.509999999999999,0.519999999999998,0.539999999999996,0.560000000000005,0.570000000000004
South Asia,SAS,Access to clean fuels and technologies for cooking (% of population),EG.CFT.ACCS.ZS,,,,,,,,,,,,,,,,,,,,,,,,,,,,,,,,,,,,,,,,,20.4239826639461,21.9462432776896,23.0234910573139,23.9343987878518,25.2900626901812,26.1955824115495,27.4962143841675,28.6485706380519,29.7338359242582,30.5360214206076,32.0112994256967,33.0433641090366,34.2228069682886,35.3817433890888,36.4099597576456,37.5118416705078,38.6866929899053
Saudi Arabia,SAU,Access to clean fuels and technologies for cooking (% of population),EG.CFT.ACCS.ZS,,,,,,,,,,,,,,,,,,,,,,,,,,,,,,,,,,,,,,,,,94.87,95.06,95.22,95.43,95.55,95.54,95.72,95.85,95.88,95.91,96.02,96.06,96.05,96.02,95.99,95.99,95.96
Sudan,SDN,Access to clean fuels and technologies for cooking (% of population),EG.CFT.ACCS.ZS,,,,,,,,,,,,,,,,,,,,,,,,,,,,,,,,,,,,,,,,,14.21,15.25,16.57,17.77,19.14,20.58,22.19,23.73,25.38,26.97,28.94,30.82,32.75,34.71,36.93,38.95,41.29
Senegal,SEN,Access to clean fuels and technologies for cooking (% of population),EG.CFT.ACCS.ZS,,,,,,,,,,,,,,,,,,,,,,,,,,,,,,,,,,,,,,,,,31.76,31.54,31.82,31.74,31.8,31.96,32.19,31.85,31.81,31.81,31.94,32.01,31.65,31.64,31.68,31.82,31.65
Singapore,SGP,Access to clean fuels and technologies for cooking (% of population),EG.CFT.ACCS.ZS,,,,,,,,,,,,,,,,,,,,,,,,,,,,,,,,,,,,,,,,,100,100,100,100,100,100,100,100,100,100,100,100,100,100,100,100,100
Solomon Islands,SLB,Access to clean fuels and technologies for cooking (% of population),EG.CFT.ACCS.ZS,,,,,,,,,,,,,,,,,,,,,,,,,,,,,,,,,,,,,,,,,6.27,6.45,6.71,6.78,7.03,7.17,7.19,7.38,7.46,7.66,7.79,7.95,8.00999999999999,8.13,8.23,8.36,8.45
Sierra Leone,SLE,Access to clean fuels and technologies for cooking (% of population),EG.CFT.ACCS.ZS,,,,,,,,,,,,,,,,,,,,,,,,,,,,,,,,,,,,,,,,,0.149999999999995,0.170000000000003,0.190000000000001,0.219999999999998,0.239999999999996,0.270000000000004,0.319999999999998,0.360000000000005,0.409999999999999,0.449999999999995,0.529999999999997,0.609999999999999,0.719999999999998,0.729999999999997,0.800000000000001,0.929999999999998,0.990000000000002
El Salvador,SLV,Access to clean fuels and technologies for cooking (% of population),EG.CFT.ACCS.ZS,,,,,,,,,,,,,,,,,,,,,,,,,,,,,,,,,,,,,,,,,56.51,59.04,61.49,63.83,66.11,68.09,70.27,72.29,74.16,75.76,77.68,79.15,80.64,82.34,83.52,84.71,86
San Marino,SMR,Access to clean fuels and technologies for cooking (% of population),EG.CFT.ACCS.ZS,,,,,,,,,,,,,,,,,,,,,,,,,,,,,,,,,,,,,,,,,100,100,100,100,100,100,100,100,100,100,100,100,100,100,100,100,100
Somalia,SOM,Access to clean fuels and technologies for cooking (% of population),EG.CFT.ACCS.ZS,,,,,,,,,,,,,,,,,,,,,,,,,,,,,,,,,,,,,,,,,0.639999999999996,0.690000000000002,0.749999999999995,0.819999999999999,0.880000000000003,0.949999999999995,1.02,1.11,1.2,1.29,1.41,1.55999999999999,1.68,1.82,1.97000000000001,2.12,2.34
Serbia,SRB,Access to clean fuels and technologies for cooking (% of population),EG.CFT.ACCS.ZS,,,,,,,,,,,,,,,,,,,,,,,,,,,,,,,,,,,,,,,,,51.96,53.33,55.18,56.68,58.53,60.27,62.24,63.84,65.27,66.73,68.56,69.82,71.15,72.76,73.56,75.02,76.41
Sub-Saharan Africa (excluding high income),SSA,Access to clean fuels and technologies for cooking (% of population),EG.CFT.ACCS.ZS,,,,,,,,,,,,,,,,,,,,,,,,,,,,,,,,,,,,,,,,,9.14265908837909,9.41388524519658,9.69492315971887,9.96293411260527,10.2625976968132,10.5660649359787,10.8647126864448,11.1556452015928,11.4874207922818,11.7990753442048,12.1335378269486,12.4794116422789,12.8292855166055,13.1730972679779,13.5471982275946,13.9103324767462,14.2754057634888
South Sudan,SSD,Access to clean fuels and technologies for cooking (% of population),EG.CFT.ACCS.ZS,,,,,,,,,,,,,,,,,,,,,,,,,,,,,,,,,,,,,,,,,0.5,0.509999999999999,0.509999999999999,0.519999999999998,0.539999999999996,0.529999999999997,0.529999999999997,0.560000000000005,0.570000000000004,0.590000000000002,0.560000000000005,0.580000000000003,0.590000000000002,0.580000000000003,0.619999999999998,0.629999999999997,0.639999999999996
Sub-Saharan Africa,SSF,Access to clean fuels and technologies for cooking (% of population),EG.CFT.ACCS.ZS,,,,,,,,,,,,,,,,,,,,,,,,,,,,,,,,,,,,,,,,,9.2904203855848,9.55915830460726,9.8390337333742,10.1047614258442,10.402591186516,10.703352662387,10.999847032761,11.2878151394902,11.6165736759024,11.925533982977,12.2567032118971,12.5992077008618,12.9462054544167,13.2869476174196,13.6580789739841,14.0183114227025,14.3804927899214
Small states,SST,Access to clean fuels and technologies for cooking (% of population),EG.CFT.ACCS.ZS,,,,,,,,,,,,,,,,,,,,,,,,,,,,,,,,,,,,,,,,,50.1723093758047,50.9605522754859,51.813752675811,52.5810679160139,53.449462358093,54.2875822377726,55.1534930803538,56.0564757255836,56.866633554976,57.6676138909937,58.3673615406621,58.9382938795055,59.4553004348638,59.9432309278641,60.38210065816,60.7302263941111,61.1113472869733
Sao Tome and Principe,STP,Access to clean fuels and technologies for cooking (% of population),EG.CFT.ACCS.ZS,,,,,,,,,,,,,,,,,,,,,,,,,,,,,,,,,,,,,,,,,17.66,18.54,19.08,20.03,20.47,21.26,21.68,21.84,22.18,21.81,21.53,21.1,20.5,19.61,18.8,17.88,16.81
Suriname,SUR,Access to clean fuels and technologies for cooking (% of population),EG.CFT.ACCS.ZS,,,,,,,,,,,,,,,,,,,,,,,,,,,,,,,,,,,,,,,,,79.89,80.72,81.56,82.25,83.17,83.77,84.44,85.08,85.67,86.24,86.89,87.41,87.87,88.33,88.83,89.26,89.61
Slovak Republic,SVK,Access to clean fuels and technologies for cooking (% of population),EG.CFT.ACCS.ZS,,,,,,,,,,,,,,,,,,,,,,,,,,,,,,,,,,,,,,,,,93.75,94.09,94.67,95.1,95.42,95.58,95.87,96.06,96.47,96.71,96.7,96.78,96.81,96.79,96.81,96.72,96.58
Slovenia,SVN,Access to clean fuels and technologies for cooking (% of population),EG.CFT.ACCS.ZS,,,,,,,,,,,,,,,,,,,,,,,,,,,,,,,,,,,,,,,,,88.93,89.75,90.68,91.49,92,92.57,93.15,93.65,94.06,94.41,94.81,95.08,95.41,95.66,95.82,95.99,96.17
Sweden,SWE,Access to clean fuels and technologies for cooking (% of population),EG.CFT.ACCS.ZS,,,,,,,,,,,,,,,,,,,,,,,,,,,,,,,,,,,,,,,,,100,100,100,100,100,100,100,100,100,100,100,100,100,100,100,100,100
Eswatini,SWZ,Access to clean fuels and technologies for cooking (% of population),EG.CFT.ACCS.ZS,,,,,,,,,,,,,,,,,,,,,,,,,,,,,,,,,,,,,,,,,27.24,28.72,29.98,31.63,32.96,34.57,35.93,37.26,38.78,40.01,41.57,42.82,44.49,45.73,47.15,48.52,49.7
Sint Maarten (Dutch part),SXM,Access to clean fuels and technologies for cooking (% of population),EG.CFT.ACCS.ZS,,,,,,,,,,,,,,,,,,,,,,,,,,,,,,,,,,,,,,,,,,,,,,,,,,,,,,,,,
Seychelles,SYC,Access to clean fuels and technologies for cooking (% of population),EG.CFT.ACCS.ZS,,,,,,,,,,,,,,,,,,,,,,,,,,,,,,,,,,,,,,,,,76.78,78.21,79.83,81.03,82.81,84.16,84.74,85.78,87,87.5,88.23,88.99,88.85,89.27,89.76,90.23,90.36
Syrian Arab Republic,SYR,Access to clean fuels and technologies for cooking (% of population),EG.CFT.ACCS.ZS,,,,,,,,,,,,,,,,,,,,,,,,,,,,,,,,,,,,,,,,,97.18,97.53,97.79,97.99,98.23,98.37,98.57,98.56,98.71,98.76,98.85,98.9,98.91,98.99,99.02,99.05,99.02
Turks and Caicos Islands,TCA,Access to clean fuels and technologies for cooking (% of population),EG.CFT.ACCS.ZS,,,,,,,,,,,,,,,,,,,,,,,,,,,,,,,,,,,,,,,,,,,,,,,,,,,,,,,,,
Chad,TCD,Access to clean fuels and technologies for cooking (% of population),EG.CFT.ACCS.ZS,,,,,,,,,,,,,,,,,,,,,,,,,,,,,,,,,,,,,,,,,3.29,3.26,3.28000000000001,3.21,3.22,3.21,3.19,3.16,3.23,3.19,3.14,3.15,3.18000000000001,3.15,3.13,3.13,3.13
East Asia & Pacific (IDA & IBRD countries),TEA,Access to clean fuels and technologies for cooking (% of population),EG.CFT.ACCS.ZS,,,,,,,,,,,,,,,,,,,,,,,,,,,,,,,,,,,,,,,,,39.6446248478374,40.8115693147777,41.6978997321064,42.7766308681176,43.683126545911,44.8507819927243,46.2066069194629,47.3982028229037,48.7724035881072,50.0415828501764,51.3855220039914,52.5799323065921,53.7862065371455,54.9992345621981,55.960305929863,56.9803867717537,57.9010237303063
Europe & Central Asia (IDA & IBRD countries),TEC,Access to clean fuels and technologies for cooking (% of population),EG.CFT.ACCS.ZS,,,,,,,,,,,,,,,,,,,,,,,,,,,,,,,,,,,,,,,,,84.2962742753825,85.3539107851525,86.3488670291916,87.2269577241227,88.0588344329239,88.8367739358702,89.6006317621503,90.2550043332286,90.9081490391695,91.4533583451588,92.0184797193515,92.5109136746943,92.9583342096309,93.3618991408445,93.7798795085654,94.1324761482022,94.4332676123563
Togo,TGO,Access to clean fuels and technologies for cooking (% of population),EG.CFT.ACCS.ZS,,,,,,,,,,,,,,,,,,,,,,,,,,,,,,,,,,,,,,,,,0.339999999999996,0.480000000000003,0.660000000000005,0.900000000000001,1.21,1.59,2.02,2.44,2.98,3.46,4.02,4.52,4.88,5.37,5.78,6.24,6.71
Thailand,THA,Access to clean fuels and technologies for cooking (% of population),EG.CFT.ACCS.ZS,,,,,,,,,,,,,,,,,,,,,,,,,,,,,,,,,,,,,,,,,68.04,68.45,68.77,69.49,69.57,70.21,70.65,70.96,71.46,72.17,72.31,72.83,73.22,73.69,73.67,74.33,74.43
Tajikistan,TJK,Access to clean fuels and technologies for cooking (% of population),EG.CFT.ACCS.ZS,,,,,,,,,,,,,,,,,,,,,,,,,,,,,,,,,,,,,,,,,38.73,41.58,44.57,47.65,50.73,53.63,56.3,59.31,62.08,64.83,67.4,70.04,72.25,74.5,76.55,78.55,80.41
Turkmenistan,TKM,Access to clean fuels and technologies for cooking (% of population),EG.CFT.ACCS.ZS,,,,,,,,,,,,,,,,,,,,,,,,,,,,,,,,,,,,,,,,,96.3,96.83,97.22,97.63,97.96,98.2,98.38,98.57,98.69,98.85,98.94,99.03,99.1,99.18,99.22,99.27,99.32
Latin America & the Caribbean (IDA & IBRD countries),TLA,Access to clean fuels and technologies for cooking (% of population),EG.CFT.ACCS.ZS,,,,,,,,,,,,,,,,,,,,,,,,,,,,,,,,,,,,,,,,,78.2690742216538,79.2133148423234,80.0874577024558,80.9211387476306,81.6787030605073,82.4219222750046,83.0518757284592,83.6158161673386,84.2143083386252,84.7473428668133,85.1951248595416,85.6516990584113,86.0872592081089,86.480847480037,86.8799112405064,86.8164410316014,87.1350559714011
Timor-Leste,TLS,Access to clean fuels and technologies for cooking (% of population),EG.CFT.ACCS.ZS,,,,,,,,,,,,,,,,,,,,,,,,,,,,,,,,,,,,,,,,,2.27000000000001,2.41,2.54,2.69,2.96,3.12,3.37,3.56,3.89,4.09000000000001,4.54,4.77,5.21,5.67,5.98,6.53,6.92
Middle East & North Africa (IDA & IBRD countries),TMN,Access to clean fuels and technologies for cooking (% of population),EG.CFT.ACCS.ZS,,,,,,,,,,,,,,,,,,,,,,,,,,,,,,,,,,,,,,,,,83.4276524954939,85.1907674299676,86.895161201552,88.0463322870951,89.2534619483382,90.332070084791,91.1622994163549,91.819746729539,92.388182634716,92.8972930722035,93.3156011783932,93.5880675569131,93.793851640968,94.0839219514471,94.2916270518767,94.4104797713852,94.5666476387558
Tonga,TON,Access to clean fuels and technologies for cooking (% of population),EG.CFT.ACCS.ZS,,,,,,,,,,,,,,,,,,,,,,,,,,,,,,,,,,,,,,,,,47.98,49.23,50.42,51.39,52.28,53.01,53.93,54.66,55.33,56.01,56.39,56.95,57.46,57.91,58.31,58.85,59.17
South Asia (IDA & IBRD),TSA,Access to clean fuels and technologies for cooking (% of population),EG.CFT.ACCS.ZS,,,,,,,,,,,,,,,,,,,,,,,,,,,,,,,,,,,,,,,,,20.4239826639461,21.9462432776896,23.0234910573139,23.9343987878518,25.2900626901812,26.1955824115495,27.4962143841675,28.6485706380519,29.7338359242582,30.5360214206076,32.0112994256967,33.0433641090366,34.2228069682886,35.3817433890888,36.4099597576456,37.5118416705078,38.6866929899053
Sub-Saharan Africa (IDA & IBRD countries),TSS,Access to clean fuels and technologies for cooking (% of population),EG.CFT.ACCS.ZS,,,,,,,,,,,,,,,,,,,,,,,,,,,,,,,,,,,,,,,,,9.2904203855848,9.55915830460726,9.8390337333742,10.1047614258442,10.402591186516,10.703352662387,10.999847032761,11.2878151394902,11.6165736759024,11.925533982977,12.2567032118972,12.5992077008618,12.9462054544167,13.2869476174196,13.6580789739841,14.0183114227025,14.3804927899214
Trinidad and Tobago,TTO,Access to clean fuels and technologies for cooking (% of population),EG.CFT.ACCS.ZS,,,,,,,,,,,,,,,,,,,,,,,,,,,,,,,,,,,,,,,,,98.73,98.81,98.89,98.94,99,99.04,99.06,99.15,99.17,99.17,99.21,99.22,99.23,99.25,99.26,99.27,99.26
Tunisia,TUN,Access to clean fuels and technologies for cooking (% of population),EG.CFT.ACCS.ZS,,,,,,,,,,,,,,,,,,,,,,,,,,,,,,,,,,,,,,,,,93.3,94.3,95.05,95.76,96.34,96.85,97.24,97.56,97.88,98.1,98.34,98.52,98.68,98.8,98.94,99.03,99.1
Turkey,TUR,Access to clean fuels and technologies for cooking (% of population),EG.CFT.ACCS.ZS,,,,,,,,,,,,,,,,,,,,,,,,,,,,,,,,,,,,,,,,,,,,,,,,,,,,,,,,,
Tuvalu,TUV,Access to clean fuels and technologies for cooking (% of population),EG.CFT.ACCS.ZS,,,,,,,,,,,,,,,,,,,,,,,,,,,,,,,,,,,,,,,,,18.63,19.77,21.18,22.68,24.25,26.09,28.19,30.48,32.98,35.3,37.7,39.98,42.29,44.58,46.54,48.5,50.42
Tanzania,TZA,Access to clean fuels and technologies for cooking (% of population),EG.CFT.ACCS.ZS,,,,,,,,,,,,,,,,,,,,,,,,,,,,,,,,,,,,,,,,,1.08,1.1,1.15,1.2,1.28,1.35,1.35999999999999,1.44,1.53,1.54,1.65999999999999,1.74,1.85,1.93,2,2.15,2.16
Uganda,UGA,Access to clean fuels and technologies for cooking (% of population),EG.CFT.ACCS.ZS,,,,,,,,,,,,,,,,,,,,,,,,,,,,,,,,,,,,,,,,,1.01,0.980000000000003,0.990000000000002,0.929999999999998,0.939999999999996,0.91,0.880000000000003,0.890000000000002,0.860000000000005,0.839999999999996,0.829999999999997,0.839999999999996,0.81,0.780000000000003,0.780000000000003,0.760000000000005,0.770000000000004
Ukraine,UKR,Access to clean fuels and technologies for cooking (% of population),EG.CFT.ACCS.ZS,,,,,,,,,,,,,,,,,,,,,,,,,,,,,,,,,,,,,,,,,88.25,89.05,89.7,90.58,91.15,91.86,92.51,92.92,93.35,93.71,94.14,94.48,94.85,95.1,95.32,95.49,95.73
Upper middle income,UMC,Access to clean fuels and technologies for cooking (% of population),EG.CFT.ACCS.ZS,,,,,,,,,,,,,,,,,,,,,,,,,,,,,,,,,,,,,,,,,55.799889276624,56.9958018156801,57.932917933823,58.9904964438252,59.8827123994758,60.9560429025099,62.1135220490677,63.1249433369874,64.2876907781745,65.3323998813404,66.4021647407437,67.3553870365074,68.3013084162463,69.250904813456,70.0083569641936,70.7688752348752,71.4559351921422
Uruguay,URY,Access to clean fuels and technologies for cooking (% of population),EG.CFT.ACCS.ZS,,,,,,,,,,,,,,,,,,,,,,,,,,,,,,,,,,,,,,,,,96.05,96.29,96.5,96.64,96.82,96.95,97.13,97.28,97.37,97.45,97.52,97.6,97.69,97.77,97.84,97.91,97.97
United States,USA,Access to clean fuels and technologies for cooking (% of population),EG.CFT.ACCS.ZS,,,,,,,,,,,,,,,,,,,,,,,,,,,,,,,,,,,,,,,,,100,100,100,100,100,100,100,100,100,100,100,100,100,100,100,100,100
Uzbekistan,UZB,Access to clean fuels and technologies for cooking (% of population),EG.CFT.ACCS.ZS,,,,,,,,,,,,,,,,,,,,,,,,,,,,,,,,,,,,,,,,,79.55,80.9,82.13,83.1,84.25,85.27,86.16,87.06,87.91,88.57,89.07,89.85,90.44,90.79,91.35,91.82,92.1
St. Vincent and the Grenadines,VCT,Access to clean fuels and technologies for cooking (% of population),EG.CFT.ACCS.ZS,,,,,,,,,,,,,,,,,,,,,,,,,,,,,,,,,,,,,,,,,95.42,95.4,95.5,95.57,95.67,95.7,95.79,95.77,95.84,95.92,95.87,95.87,95.97,95.89,95.96,95.9,95.98
"Venezuela, RB",VEN,Access to clean fuels and technologies for cooking (% of population),EG.CFT.ACCS.ZS,,,,,,,,,,,,,,,,,,,,,,,,,,,,,,,,,,,,,,,,,96.29,96.49,96.63,96.78,96.85,97.01,97.11,97.17,97.26,97.3,97.37,97.4,97.44,97.43,97.42,95.96,96.16
British Virgin Islands,VGB,Access to clean fuels and technologies for cooking (% of population),EG.CFT.ACCS.ZS,,,,,,,,,,,,,,,,,,,,,,,,,,,,,,,,,,,,,,,,,,,,,,,,,,,,,,,,,
Virgin Islands (U.S.),VIR,Access to clean fuels and technologies for cooking (% of population),EG.CFT.ACCS.ZS,,,,,,,,,,,,,,,,,,,,,,,,,,,,,,,,,,,,,,,,,,,,,,,,,,,,,,,,,
Vietnam,VNM,Access to clean fuels and technologies for cooking (% of population),EG.CFT.ACCS.ZS,,,,,,,,,,,,,,,,,,,,,,,,,,,,,,,,,,,,,,,,,14.38,17.05,19.97,22.81,26.05,29.23,32.61,36.04,39.55,43.12,46.76,50.14,53.84,57.23,60.79,63.81,66.92
Vanuatu,VUT,Access to clean fuels and technologies for cooking (% of population),EG.CFT.ACCS.ZS,,,,,,,,,,,,,,,,,,,,,,,,,,,,,,,,,,,,,,,,,11.76,12.07,12.13,12.42,12.37,12.45,12.62,12.56,12.72,12.67,12.68,12.71,12.64,12.62,12.62,12.72,12.57
World,WLD,Access to clean fuels and technologies for cooking (% of population),EG.CFT.ACCS.ZS,,,,,,,,,,,,,,,,,,,,,,,,,,,,,,,,,,,,,,,,,49.4029947172004,50.2078615591472,50.8170742465181,51.4099294325885,52.0602608035785,52.6718644732238,53.4175483924741,54.0626465252246,54.7545726410079,55.3251980948578,56.0666779376164,56.6341125842616,57.2649034226873,57.8677499735379,58.3697771766631,58.8542080312372,59.3597105508319
Samoa,WSM,Access to clean fuels and technologies for cooking (% of population),EG.CFT.ACCS.ZS,,,,,,,,,,,,,,,,,,,,,,,,,,,,,,,,,,,,,,,,,20.24,21.06,21.68,22.94,23.79,24.64,25.49,26.18,26.97,27.91,28.79,29.3,29.77,30.56,31.56,31.53,32.29
Kosovo,XKX,Access to clean fuels and technologies for cooking (% of population),EG.CFT.ACCS.ZS,,,,,,,,,,,,,,,,,,,,,,,,,,,,,,,,,,,,,,,,,,,,,,,,,,,,,,,,,
"Yemen, Rep.",YEM,Access to clean fuels and technologies for cooking (% of population),EG.CFT.ACCS.ZS,,,,,,,,,,,,,,,,,,,,,,,,,,,,,,,,,,,,,,,,,51.84,52.73,53.81,54.8,55.76,56.67,57.58,58.46,59.19,60.01,60.75,61.68,62.29,63.03,63.63,64.28,64.93
South Africa,ZAF,Access to clean fuels and technologies for cooking (% of population),EG.CFT.ACCS.ZS,,,,,,,,,,,,,,,,,,,,,,,,,,,,,,,,,,,,,,,,,56.43,58.81,61.01,63.29,65.6,67.53,69.58,71.46,73.35,75.04,76.65,78.21,79.65,81,82.36,83.64,84.75
Zambia,ZMB,Access to clean fuels and technologies for cooking (% of population),EG.CFT.ACCS.ZS,,,,,,,,,,,,,,,,,,,,,,,,,,,,,,,,,,,,,,,,,14,14.11,14.3,14.46,14.58,14.73,14.92,15.08,15.25,15.43,15.47,15.71,15.9,15.99,16.23,16.31,16.43
Zimbabwe,ZWE,Access to clean fuels and technologies for cooking (% of population),EG.CFT.ACCS.ZS,,,,,,,,,,,,,,,,,,,,,,,,,,,,,,,,,,,,,,,,,32.4,32.25,32.18,32.01,31.77,31.64,31.34,31.17,30.97,30.81,30.46,30.27,30.02,29.88,29.63,29.36,29.05